PRODUCTO,CANTIDAD
ROSAS CARTON,
ECUADOR ROJO,
ECUADOR COLORES,12
ECUADOR TINTURADAS,
ROJAS,60
BLANCAS,
SURTIDAS,
AZUL,1
EXOTIC,6
BLUSH,4
BLUMATTE,1
TITANIC,3
PINK FLOYD,1
STAR 2000,7
BOULEVARD,1
OPALA,2
GERALDINE,20
MOHANA,1
BONITA,2
GOLD STAR,2
ANGELICA,
PURPUL HAZE,1
HIGH YELLOW,3
TORMENTA,1
DEEP PURPUL,
CIRCUS,3
CONFIDENCE,2
ROSITA VENDELA,2
QUICK SAND,
NENA,5
SWEET MEMORY,2
TOPAZ,2
ATOMIC,2
HIGH MAGIC,
PURPUL MOON,
CORAL REEF,
MARANDINA,1
MALIBU,4
NAUTICA,2
PINK MUNDIAL,1
BRYGHTON,
BLUSH,
STUNNING,6
PERLA,
SPECIAL BLUE,1
ENGAGEMENT,3
NAUTICA,
GREEN ROMANCE(VERDE),
HIGH BOOMING,
CANDY EXPRESSION,
ESPERANCE,
MAGIC TIME,
COOL WATER,4
SWEET UNIQUE,
LORENA,
MANDALA,
BLUE DREAMS,
ISLA BONITA,
HERMOSA,
VIP,
A.P,
COFFE,
pink panther,
tres d,
mondial,3
d tres,
GIRASOLES,
BABY GUATEMALA,36
BABY ECUADOR,47
GERBERAS ROSADAS,7
GERBERAS FUCSIAS,4
GERBERAS BLANCAS,2
GERBERAS AMARILLAS,4
GERBERAS COLORES,9
MINIGERBERAS ROSADAS,
MINIGERBERAS FUCSIA,
MINIGERBERAS BLANCAS,
MINIROSAS ROSADA,
MINIROSAS BLANCAS,
MINIROSAS COLORES,2
M. ROSA ECUADOR BLANCA,
M. ROSA ECUADOR ROSADA,
M. ROSA ECUADOR COLORES,
LIMONIUM MORADO,10
LIMONIUM ROSADO,2
LIMONIUM LILA,1
PIÑA COLADA,
ASTROMELIAS BLANCA,11
ASTROMELIAS ROSADAS,8
ASTROMELAS MORADAS,
ASTROMELIAS COLORES,
ESTATICIAS MORADA,31
ESTATICIAS ROSADA,
ESTATICIA BLANCA,6
ESTATICIA LILA,
ESTATICIA COLORES,
HORTENSIA GUATEMALA BLANCA,6
HORTENSIA G. AZUL,
HORTENSIA G. MORADA,8
HORTENSIA G. COLORES,
HORTENSIA E. BLANCA,
HORTENSIA E. AZUL,
HORTENSIA E. MORADA,
HORTENSIA E. COLORES,13
DUSTY MILLER,3
LISIANTHUS BLANCO,
LISIANTHUS MORADO,5
LISIANTHUS ROSADO,1
LISIANTHUS COLORES,5
gerberas roja,4
,
,
CLAVELES,
ROSADO,
BLANCO,
FUCSIA,2
ROJO,1
COLORES,3
MINICLAVEL,
ROSADO,
BLANCO,
FUCSIA,
ROJO,
COLORES,
LIRIOS,
BLANCO,
ROSADOS,
COLORES,
POMPONES,
BLANCO,
AMARILLO,19
MORADO,
COLORES,
MARGARITAS,
BLANCAS,1
AMARILLAS,4
ROSADAS,
MORADAS,
LILA,
COLORES,
ocre.,4
FUGGY,
BLANCO,16
AMARILLO,1
FUGGY BLANCO CON MALLA,
FUGGY AMARILLO CON MALLA,
CRISANTEMOS,
BLANCO GUATEMALA,
COLORES ECUADOR,
FICHITAS,
BLANCAS,1
AMARILLAS,2
PANDAS,8
QUINCEAÑERAS,1
PINOCHO VERDE,4
LIRIO ROSELI,
mini rosa fucsia,
DELFINIUN,17
clavelinaa,8
anemonas,7
aster,1
SOLIDAGO,160
SOLIDAGO ECUADOR,
PITHUSFORO,5
EUCALIPTO NORMAL,3
EUCALIPTO DÓLAR,11
EUCALIPTO SILVER,
TULIPAN HOLANDA,
PEONEAS,18
STOCK ECUADOR,4
ERINGIO ECUADOR,4
ERUL GRANDE,140
ERUL MEDIANO,60
RUSCUS,3
CRASPEDIA,59
HIPERYCUM GUATEMALA,7
HIPERYCUM ECUADOR,
RUSCU,1
RENANCULOS,4
PACAYA,3
PINILLOS,
MANSAGEANA,
CARTUCHOS,
ORQUIDEAS GUATEMALA,
PROTEA ECUADOR,
RUBELINA,1
AMARANTUS CAIDO,
MINIGIRASOL,
DRAGON,
GLADIOLA,
HYPERUCYM,
MEXICANO,6
CAMPANA DE IRLANDA,1
DELFINIUM ECUADOR,
ESTRELLA DE BELEN,
JACINTO,
CALA,18
GREEN BALL,
PITHUSFORO,3
oasis,
manzanilla,4
DUSTIN,3
MINI PUMA,
COTTON,