Tipo de Flor,Precio (Lps.),Cantidad
Rosas Natural (Paq. 24 Unid.),300.00,24 Tallos
Rosas Colores (Paq. 24 Unid.),300.00,24 Tallos
Rosas Inglesa (Paq. 24 Unid.),350.00,24 Tallos
Rosas Azul Tinturada (Paq. 24 Unid.),750.00,24 Tallos
Girasoles,250.00,12 Tallos
Estaticia (Colores),180.00,1 Manojo
Lirios Rosaly (Blanco y Tinturado),400.00,5 Tallos
Lirios Blanco,300.00,5 Tallos
Lirios Rosado,350.00,5 Tallos
Minirosa Natural,250.00,10 Tallos
Astromelias,200.00,1 Manojo
Gerberas,180.00,12 Tallos
"Shasta (Pompones, Fuji, Margaritas)",150.00,1 Manojo
Minigirasol,180.00,1 Manojo
Baby Breath Ecuador,350.00,1 Manojo
Baby Breath Normal,250.00,1 Manojo
Minirosa Spray Rose Ecuador (Colores Varios),450.00,10 Tallos
Hypericum,250.00,1 Manojo
Hortensias GT,150.00,1 Tallo
Solidago,120.00,1 Manojo
Erul Mediano,80.00,1 Manojo
Erul Grande,90.00,1 Manojo
Eucalipto,200.00,1 Manojo
Eucalipto Dollar,250.00,1 Manojo
Mexicano,250.00,1 Manojo
Pitusforus,250.00,1 Manojo
Ruscus,200.00,1 Manojo
Dusty Miller,220.00,1 Manojo
Clavel Grande,220.00,24 Tallos
Miniclavel,180.00,12 Tallos
Tulipanes Holanda,1200.00,10 Tallos
