NOMBRE DEL ÁREA,ABREVIATURA,RESPONSABLE
Planta Baja- Oficina del Pastor,PB-A1-OF.PASTOR,ROGER DIAZ
Planta Baja- Oficina Administrativa,PB-A2-OF.ADM,ROBERTO FUNEZ
Plata Baja- Sala Cuna,PB-A3-S.CUNA,BELINDA DE VEGA
Planta Baja- Enfermería,PB-A4-ENFERM,JORGE PUERTO
Planta Baja-Sala de Juntas,PB-A5-S.JUNTAS,JORGE PUERTO
Planta Baja-Cocineta,PB-A6-COCINETA,MIRIAM DE PUERTO
Planta Baja-Oficina de Jóvenes,PB-A7-OF.JOVEN,JOSUE RODRIGUEZ
Planta Baja-Oficina de Escuela Bíblica,PB-A8-OF.EB,YOLANDA MONROY
"Planta Baja-Aula de Escuela Bíblica ""Rayitos""",PB-A9-EB,YOLANDA MONROY
"Planta Baja-Aula de Escuela Bíblica ""Jardin de Gracia""",PB-A10-EB,YOLANDA MONROY
Planta Baja-Cocina de Cafetería,PB-A11-COCIN CAF,GENOVEBA MATUTE
Planta Baja-Salón de Cafetería,PB-A12-SALON CAF,GENOVEBA MATUTE
Planta Baja-Sala de Audio/Consola,PB-A13-AUDIO,OSCAR BEJARANO
Planta Baja-Sala de Multimedia,PB-A14-MULTI,ISAAC PAZ
Planta Baja-Salon Templo,PB-A15-TEMPLO,JORGE PUERTO
Planta Baja-Plataforma de Instrumentos/Alabanza,PB-A16-PLATAFO,EDIE PAZ
Planta Baja-Oficina / Recepción,PB-A17-OF.REC,ISAAC PAZ
Planta Baja-Oficina Administrativa de IMCEH,PB-A18-OF. IMCE,ISAAC PAZ
Planta Alta-Salón de Usos Múltiples,PA-A1-SAL.MUL,JORGE PUERTO
Planta Alta-Oficina Apoyo Ministerial,PA-A2-OFICINA,DAVID DIAZ
"Planta Alta-Aula de Escuela Bíblica ""Soldados de Cristo""",PA-A3-EB,YOLANDA MONROY
"Planta Alta-Aula de Escuela Bíblica ""Peregrinitos""",PA-A4-EB,YOLANDA MONROY
"Planta Alta-Aula de Escuela Bíblica ""Rosas de Sarón""",PA-A5-EB,YOLANDA MONROY
"Planta Alta-Aula de Escuela Bíblica ""Oasis de Alegría""",PA-A6-EB,YOLANDA MONROY
Planta Alta-Bodega Pasillo de aulas de Escuela Bíblica,PA-B1-PASILLO,JORGE PUERTO
Planta Baja-Bodega Oficina Administrativa,PB-B1-OFICINA,ISAAC PAZ
Planta Baja-Bodega pasillo a enfermería,PB-B2-PASILLO,MIRIAM DE PUERTO
Planta Baja-Bodega traseras de cocineta,PB-B3-TRASERA,MIRIAM DE PUERTO
Planta Baja-Bodega de Equipo de Sonido/al Templo,PB-B4-TEMPLO,OSCAR BEJARANO
Planta Baja-Bodega de Mob. y Eq Diverso/al Templo,PB-B5-TEMPLO,JORGE PUERTO
Bodega Externa /Sector Cerro Verde,B6-EXTERNA CV,ISAAC PAZ
Bodega Externa /Sector,B7-EXTERNA,JESMY PEREZ