cantidad,articulo,marca_modelo,serie,fecha_compra,valor_libros,cuenta_contable
1,TERRENO,,,,"3,174,200.00",Terrenos
1,EDIFICIO,ARMAZON DE HIERRO Y CEMENTO,,,"1,180,719.00",Edificios
1,VEHICULO,NISSAN PICK UP P/PCI 5525,,31/03/2008,"409,144.00",Vehículos
1,VEHICULO,HILUX PICK UP / PLACA HAQ8620,,30/09/2024,"300,000.00",Vehículos
1,CAMARA,RCA,,20/06/2007,"2,000.00",Equipo de Cómputo
1,COMPRA DE SMART TV,SAMSUNG DE 32 PULGADAS,"Modelo UN32H4303AFXZP
S/N 02W23CNG200148R",31/12/2021,"3,500.00",Equipo de Cómputo
1,COMPUTADORA,INTEL CORE 2 DUO,,30/08/2007,"33,024.00",Equipo de Cómputo
1,COMPUTADORA,DELL INSPIRON,CN-ODJ331-73616-8B3IFHH,28/02/2009,"16,180.00",Equipo de Cómputo
1,COMPUTADORA,DELL VOSTRO 7500,,31/12/2020,"27,805.74",Equipo de Cómputo
1,COMPUTADORA CPU,SIGMA/VIDEO,2008080011.0,20/08/2008,"14,650.00",Equipo de Cómputo
1,COMPUTADORA DE ESCRITORIO,DELL,,28/02/2019,"23,642.83",Equipo de Cómputo
1,COMPUTADORA DELL,"marca DELL
Modelo ALIE WAVE AURORA R16 
INTEL i9",la computadora en piezas comprada en septiembre fue devuelta y cambiada por esta,12/09/2024,"108,045.92",Equipo de Cómputo
1,COMPUTADORA PORTATIL USADA,SONY VAIO PCG-61211V,,31/10/2012,"10,000.00",Equipo de Cómputo
2,COMPUTADORAS DELL OPTIPLEX 7070 USADAS,"DELL | CORE i7-9700T, 8 nucleos",,02/12/2024,"14,419.08",Equipo de Cómputo
1,CONSOLA DE 12 CANALES,EUROPOWER/PMH300,,12/04/2008,"6,500.00",Equipo de Cómputo
1,CPU-RECEPCION,DELL OPTIPLEX,,31/12/2015,"2,500.00",Equipo de Cómputo
1,DATA SHOW,SHARP/XR-105,609949556.0,20/09/2007,"14,995.00",Equipo de Cómputo
2,DATA SHOW,EPSON EX90,KRGF820646L-8206331,31/08/2009,"35,982.50",Equipo de Cómputo
1,DVD,PHILLIPS R3455,HEX3G,06/07/2007,"1,400.00",Equipo de Cómputo
1,DVD,RCA,2010088.0,24/09/2007,"1,108.80",Equipo de Cómputo
1,ESTACION DE ESCRITORIO,32 TB BACKUP,,30/11/2022,"38,801.16",Equipo de Cómputo
1,FOTOCOPIADORA,KYOCERA M3145IDN,R4V2431413,21/02/2023,"29,137.32",Equipo de Cómputo
1,IMPRESORA,CANON P4910,,31/01/2013,"2,700.00",Equipo de Cómputo
1,IMPRESORA DE CD (OFICINAS),CANNON/IP4300,AASW02464,11/10/2007,"1,933.00",Equipo de Cómputo
1,IMPRESORA MULTIFUNCIONAL,EPSON,,28/02/2019,"4,137.71",Equipo de Cómputo
1,IMPRESORA MULTIFUNCIONAL,EPSON,Modelo L3250,24/09/2025,"5,965.00",Equipo de Cómputo
1,IMPRESORA PARA ETIQUETAS,PASCOM DL-210,Serie 904023440003,26/09/2024,"14,950.00",Equipo de Cómputo
1,IMPRESORA PARA ETIQUETAS TALLY,PASCOM DL-210,Serie 904023440003,26/09/2024,"14,950.00",Equipo de Cómputo
1,IPAD 64GB,APPLE BLUE,2W9DDN,28/02/2023,"14,831.70",Equipo de Cómputo
1,LAPTOP MAC BOOK AIR,APPLE M4 /  13-inch 16 GB,"A1 model A3240
Seire D07V9RH2WF",08/08/2025,"22,373.52",Equipo de Cómputo
1,LAPTOP MAC BOOK PRO 13-Inch 2.0 GHz QC / 16GB / 1TB,APPLE,C02D1A2MML7J,26/10/2023,"20,000.00",Equipo de Cómputo
1,MONITOR,HP 24,2D9K0AA,31/05/2022,"5,499.00",Equipo de Cómputo
1,MONITOR LG 34 PULGADAS,LG (HDR 100HZ),WQ500 IPS,15/02/2023,"8,740.00",Equipo de Cómputo
1,MUEBLE DE METAL,HECHIZO,,20/06/2007,"5,765.00",Equipo de Cómputo
1,PANTALLA TRIPODE 70X70,,,20/09/2007,"2,995.00",Equipo de Cómputo
1,REPRODUCTOR DE DVD,PHILLIPS HDD16006E,NW00643006853,16/07/2007,"7,834.40",Equipo de Cómputo
4,TELEVISORES,TEKNO,T6A0200728-29-30-31,30/07/2007,"3,000.00",Equipo de Cómputo
2,TELEVISORES,RCA,707200402-90463,24/09/2007,"2,889.60",Equipo de Cómputo
2,TELEVISORES,SHARP FLAT/21,,11/11/2007,"7,370.00",Equipo de Cómputo
1,iPad (A16) 2025 con adaptador multipuerto USB,APPLE / Tablet 128 GB,"Modelo MD4A4LL/A
Serie D2W3F96YM0",03/09/2025,"9,368.34",Equipo de Cómputo
1,20 MESAS 82 SILLAS Y 2 BASUREROS,,,30/09/2017,"150,300.00",Mobiliario y Equipo de Oficina
1,ACCESORIOS PARA CAMARA FOTOGRAFICA,,,17/07/2025,"3,860.20",Mobiliario y Equipo de Oficina
1,AIRE ACONDICIONADO,COMFORT STAR RAV024-2,1419050000943,05/05/2006,"7,220.54",Mobiliario y Equipo de Oficina
1,AIRE ACONDICIONADO,WHISPER,103001280.0,17/04/2007,"10,714.28",Mobiliario y Equipo de Oficina
1,AIRE ACONDICIONADO,WHISPER,600115.0,17/04/2007,"10,714.28",Mobiliario y Equipo de Oficina
1,AIRE ACONDICIONADO,WHISPER KF35-12,50400067.0,17/04/2007,"10,714.28",Mobiliario y Equipo de Oficina
1,AIRE ACONDICIONADO,COMFORT START DMT/C60,640081.0,31/03/2009,"7,000.00",Mobiliario y Equipo de Oficina
1,AIRE ACONDICIONADO,ARUF,,30/09/2009,"25,000.00",Mobiliario y Equipo de Oficina
1,AIRE ACONDICIONADO,WHISPERE MINI SPLIT,83001129.0,30/11/2015,"13,700.00",Mobiliario y Equipo de Oficina
1,AIRE ACONDICIONADO MINI SPLIT 18000 BTU INVERTER 25 SEER MARCA CONFORT STAR AULA ESCUELA BIBLICA,,,31/12/2018,"17,500.00",Mobiliario y Equipo de Oficina
1,AIRE ACONDICIONADO MINI SPLIT COLOR NEGRO 18000 BTU SEER,,,31/12/2018,"19,700.00",Mobiliario y Equipo de Oficina
1,AIRE ACONDICIONADO MINI SPLIT DE 12 BTU 24 SEER,,,31/12/2018,"17,500.00",Mobiliario y Equipo de Oficina
1,ARCHIVERO 3 GAVETAS,COLOR NEGRO,27325.0,22/07/2023,"6,299.00",Mobiliario y Equipo de Oficina
1,ARCHIVERO 3 GAVETAS,"ROBOT MOBELT / 
Color negro con blanco","Serie MT-AR005
Codigo 781100172773",07/06/2024,"5,936.41",Mobiliario y Equipo de Oficina
1,ARCHIVO DE SEGUNDA,4 GAVETAS,,30/09/2015,"2,000.00",Mobiliario y Equipo de Oficina
1,ARMARIO DE PERSIANA,AP-105 ARENA,OFIC.PASTORAL,23/09/2005,"5,024.88",Mobiliario y Equipo de Oficina
1,ATEM TELEVISION ESTUDIO,,,28/02/2021,"41,096.97",Mobiliario y Equipo de Oficina
6,BANCOS ALTOS P/COCINA 24``,,,31/05/2018,"4,200.00",Mobiliario y Equipo de Oficina
1,BOMOHSA BOMBA,GOLDS/TANQUE CHALLENGER,,09/01/2013,"16,415.20",Mobiliario y Equipo de Oficina
1,BUFETERA,CROMADA,,15/04/2011,"20,000.00",Mobiliario y Equipo de Oficina
1,CAJA DE SEGURIDAD 23-1/4X17-3 SAFEMASTER,,,28/02/2019,"9,660.00",Mobiliario y Equipo de Oficina
4,CAMARAS P/VIGILANCIA,,,31/08/2015,"4,000.00",Mobiliario y Equipo de Oficina
2,CAMAS CUNAS PEQUEÑAS,,COLOR BLANCO,01/03/2005,"2,600.00",Mobiliario y Equipo de Oficina
1,CELULAR iPhone 14 Pro Max usado,Color Silver 256GB,Serie F5JXWKDG23,10/10/2024,"15,014.12",Mobiliario y Equipo de Oficina
55,COLCHONETA 33%,DE 4 PLGS.,,30/11/2010,"17,600.00",Mobiliario y Equipo de Oficina
2,CUNAS DE MADERA,,COLOR BLANCO,01/03/2005,"2,600.00",Mobiliario y Equipo de Oficina
2,CUNAS DE MADERA PEQUEÑAS,,COLOR BLANCO,01/03/2005,"2,600.00",Mobiliario y Equipo de Oficina
1,DITAIRE  FACT. X AA 18 BTU  SEER 25 P/AULA  DE ESC. BIBLIC,,,31/05/2018,"19,000.00",Mobiliario y Equipo de Oficina
1,DITAIRE AA P/CAFETERIA,,,30/09/2017,"59,150.00",Mobiliario y Equipo de Oficina
1,DITAIRE DOS AA P/CAFETERIA,,,30/09/2017,"59,150.00",Mobiliario y Equipo de Oficina
1,EQUIPO TELEFONICO,,,23/09/2005,"21,554.00",Mobiliario y Equipo de Oficina
1,ESCALERA,MULTIUSOS,,30/11/2010,"4,000.00",Mobiliario y Equipo de Oficina
1,ESCALERA FIBRA VIDRIO,TIPO A 12 PIES,C-3017-12,12/01/2023,"10,730.36",Mobiliario y Equipo de Oficina
1,"ESCANER INALAMBRICO UNITECH RF LASER, BASE Y CENTRO DE POD",,,31/01/2020,"7,000.00",Mobiliario y Equipo de Oficina
1,ESCRITORIO 4 GAVETAS,SEMI-EJECUTIVO/COLOR BEIGE,,31/08/2003,"2,000.00",Mobiliario y Equipo de Oficina
1,ESCRITORIO CON MESA 4 GAVETAS,COLOR BEIGE FORMA DE L DEMSA,,31/08/2003,"5,000.00",Mobiliario y Equipo de Oficina
1,ESCRITORIO ESCUADRA MENDEL TOP VIDRIO,NEGRO/KASSOD,,10/05/2025,"7,786.25",Mobiliario y Equipo de Oficina
1,ESTANTE DE BODEGA,DIARSE,,28/02/2008,"2,354.40",Mobiliario y Equipo de Oficina
1,ESTANTE SIN PUERTAS,STANDARD C-MARFIL,MA106-007-MXTX,31/03/2023,"13,311.94",Mobiliario y Equipo de Oficina
1,ESTUFA C/ COMAL ESPECIAL,,,31/03/2016,"5,750.00",Mobiliario y Equipo de Oficina
1,EXTINGUIDOR PARA CAFETERIA,,,31/12/2019,"10,235.00",Mobiliario y Equipo de Oficina
1,FOTOCOPIADORA,KYOCERA/KM1820LA,XJN5702091,02/05/2006,"20,571.43",Mobiliario y Equipo de Oficina
1,FOTOCOPIADORA,RICOH MOD.MPC2551,V9815800599,26/09/2016,"157,500.00",Mobiliario y Equipo de Oficina
1,FREEZER 22',FRIGIDAIRE,L02FR00028,30/09/2016,"17,593.89",Mobiliario y Equipo de Oficina
1,GATEWAY VOIP GRADSTREAM DE 4,,FXO 00B82DC24,31/12/2022,"6,589.50",Mobiliario y Equipo de Oficina
4,GAVETEROS DE MADERA,6 GAVETAS,COLOR BLANCO,01/03/2005,"5,200.00",Mobiliario y Equipo de Oficina
1,GRABADORA DIGITAL,TASCAM DR 40,7034119066.0,31/01/2016,"4,282.86",Mobiliario y Equipo de Oficina
1,GUILLOTINA MTALICA,,,14/04/2025,"1,250.56",Mobiliario y Equipo de Oficina
1,HIDRO LAVADORA,,,30/09/2018,"3,127.50",Mobiliario y Equipo de Oficina
1,IMPRESORA DE CODIGO DE BARRA TT MAX,,,31/01/2020,"7,500.00",Mobiliario y Equipo de Oficina
1,IMPRESORA MULTIF. EPSON L3210 PARA OFIC. ESCUELA BIBLICA,,SERIE X8HJ026490,31/05/2022,"5,995.00",Mobiliario y Equipo de Oficina
1,ININVERSOR VORTTECK EP33-6048 6000 WATS 110V,,,30/04/2021,"60,000.00",Mobiliario y Equipo de Oficina
1,INTERCOMUNICADOR,DVP-4PM2,,31/12/2008,"5,060.00",Mobiliario y Equipo de Oficina
1,JUEGO DE CAMARAS,SECSYSDVR,6333666.0,13/12/2014,"13,500.00",Mobiliario y Equipo de Oficina
1,JUEGO DE MUEBLES DE OFICINA,ELEMENTS F/14048,,28/02/2009,"30,010.62",Mobiliario y Equipo de Oficina
1,JUEGO DE MUEBLES DE SALA,COLOR CAFÉ CLARO,,28/02/2009,"7,500.00",Mobiliario y Equipo de Oficina
3,JUEGOS DE BOQUITOQUIS,,,31/03/2016,"7,560.85",Mobiliario y Equipo de Oficina
1,"LAPTOP CORE I7, 1TB, 16GB",DELL VASTRO 7620,5H6SFS3,13/06/2023,"31,665.43",Mobiliario y Equipo de Oficina
1,LIBRERO ALTO CON PUERTA DE VIDRIO,,,18/11/2025,"7,029.42",Mobiliario y Equipo de Oficina
1,LOCKER METALICO DE 3 VIVELES,COLOR BLANCO,,14/01/2026,"1,909.87",Mobiliario y Equipo de Oficina
1,MAQUINA PULIDORA,GENERAL 19 1.5HP,,18/02/2008,"23,520.00",Mobiliario y Equipo de Oficina
1,MESA 24X42 DOBLE PATA P/CAFETERIA,,,30/11/2017,"2,300.00",Mobiliario y Equipo de Oficina
1,MESA LONDRES 24'',COLOR NEGRO,,31/10/2025,"2,024.00",Mobiliario y Equipo de Oficina
1,MESA P/CONFERENCIAS,EUROMOBILIA/MADERA DE COLOR,,01/08/2002,"4,480.00",Mobiliario y Equipo de Oficina
1,MESA TRENT BAR NEGRA,TRENT / TOP NATURAL Y BASE NEGRA,Uso Dpto de Relacionamiento,31/10/2025,"5,236.00",Mobiliario y Equipo de Oficina
2,"MESAS DE 72"" X 36"" X 34""",INDEMSA,,20/09/2017,"23,040.00",Mobiliario y Equipo de Oficina
6,MESAS RECTANGULARES,29006.0,,20/09/2006,"8,400.00",Mobiliario y Equipo de Oficina
10,MESAS RECTANGULARES,29006.0,,23/12/2006,"12,499.60",Mobiliario y Equipo de Oficina
6,MESAS RECTANGULARES,29006.0,,14/12/2007,"27,999.00",Mobiliario y Equipo de Oficina
1,MICROONDAS COLOR NEGRO,AVANTI MM07K1B,,10/01/2023,"1,000.00",Mobiliario y Equipo de Oficina
1,MINI SPLIT,WHISPER KF-50GW,01AJB07005601811,22/07/2007,"10,714.28",Mobiliario y Equipo de Oficina
1,MINI SPLIT (Planta Alta),EVAPORADOR,W0402-6000013,06/08/2004,"22,649.00",Mobiliario y Equipo de Oficina
1,MINI SPLIT (Planta Alta),EVAPORADOR,W0402-6000031,06/08/2004,"22,649.00",Mobiliario y Equipo de Oficina
1,MINICOMPONENTE,SONY MOD.MHCECL99BT/CU2,SO19127493K,30/11/2015,"4,990.00",Mobiliario y Equipo de Oficina
1,MINISPLIT COMFORST DE 18000 BTU 24SEER,,,28/02/2022,"24,987.20",Mobiliario y Equipo de Oficina
1,MONITOR PARA COMPUTADORA,LG 19.8,20MK400H,15/04/2023,"3,399.00",Mobiliario y Equipo de Oficina
1,MUEBLE DE MADERA,Bookcase,,17/07/2025,"11,752.04",Mobiliario y Equipo de Oficina
1,PIZARRA 121.9 X 243.8 CMS,PARA ESCUELA BIBLICA CLASE SOLDADOS DE CRISTO,,31/12/2019,"2,015.70",Mobiliario y Equipo de Oficina
1,PIZARRA ACRILICA CUADRICULADA PARA ESCUELA BIBLICA,,,31/10/2019,"2,015.70",Mobiliario y Equipo de Oficina
1,PIZARRA DE CORCHO 121.9 X 182.9 CMS,PARA ESCUELA BIBLICA CLASE SOLDADOS DE CRISTO,,31/12/2019,"2,608.43",Mobiliario y Equipo de Oficina
2,PIZARRAS DE CORCHO PARA ESCUELA BIBLICA,,,30/11/2019,"5,216.86",Mobiliario y Equipo de Oficina
1,PIZARRON Y PIZARRA DE ESCORCHO PARA ESCUELA BIBLICA,,,30/11/2019,"4,954.38",Mobiliario y Equipo de Oficina
1,PLANTA TELEFONICA IPPBX,,C074AD52FEC4,31/12/2022,"7,072.50",Mobiliario y Equipo de Oficina
1,POSTE OCTAGONAL,OCTAGONAL DE CONCRETO 40',,01/04/2004,"9,569.99",Mobiliario y Equipo de Oficina
1,PROTECTOR P/4 LINEAS TEL.,,PA0077A14519300244,31/12/2022,"1,897.50",Mobiliario y Equipo de Oficina
1,QUEMADORA DE CDS,SAMSUBG,9132540059.0,31/01/2016,"8,148.94",Mobiliario y Equipo de Oficina
1,ROTOMARTILLO DE 7/8,D25103KP VSR H,,16/10/2007,"5,442.54",Mobiliario y Equipo de Oficina
1,ROTULADOR ELECTRICO PTH110,,,31/07/2021,"1,300.00",Mobiliario y Equipo de Oficina
2,SILLA DE ESPERA,D-046C,,18/11/2025,"1,621.74",Mobiliario y Equipo de Oficina
2,SILLA DE ESPERA SIN RODOS Y BRAZOS,MILANO,color negro/tela,07/09/2024,"2,276.00",Mobiliario y Equipo de Oficina
1,SILLA EJECUTIVA PU TURIN-A,TURIN-A CH-021A,,17/05/2025,"5,598.59",Mobiliario y Equipo de Oficina
1,"SILLA HERMAN MILLER MODELO LINO, PARA EL PASTOR ISMAEL PAZ",,,30/06/2020,"11,752.54",Mobiliario y Equipo de Oficina
4,SILLAS DE ESPERA,KC431-AG TELA NEGRA,,01/08/2007,"5,037.13",Mobiliario y Equipo de Oficina
3,SILLAS DE ESPERA,COLOR NEGRO,3683.0,08/07/2023,"2,999.00",Mobiliario y Equipo de Oficina
2,SILLAS DE ESPERA WR-531,MESH S/BRAZOS,,10/05/2025,"6,168.60",Mobiliario y Equipo de Oficina
2,SILLAS EJECUTIVAS,TECNO SEATING,TKSSSO-MTNN,17/03/2023,"12,476.25",Mobiliario y Equipo de Oficina
3,SILLAS SECRETARIALES,GAS.89040,COLOR NEGRO,01/08/2007,"4,279.29",Mobiliario y Equipo de Oficina
1,SOFTWARE WIRE CAST,,,31/05/2021,"18,357.40",Mobiliario y Equipo de Oficina
1,TELEFONO IP,,GXP2130,30/06/2022,"2,863.50",Mobiliario y Equipo de Oficina
1,TELEFONO IP EMPRESARIAL MARCA GRANDSTREAN 2140,,,31/05/2022,"3,214.25",Mobiliario y Equipo de Oficina
4,TELEFONOS IP MARCA GRANDSTREAM,,,31/05/2022,"6,170.90",Mobiliario y Equipo de Oficina
1,TELEVISOR,SMART TV LG,405MXHB3D801,28/02/2015,"7,273.60",Mobiliario y Equipo de Oficina
1,TELEVISOR,SAMSUNG,44476121302.0,31/10/2016,"4,792.00",Mobiliario y Equipo de Oficina
2,TELFONOS IP MARCA GRANDSTREAM PARA ESTUDIO Y MULTIMEDIA,,,30/06/2022,"2,645.00",Mobiliario y Equipo de Oficina
1,TRANSFORMADOR DE ACEITE,100KVA 7.6/13.8 120/240,100950082.0,15/07/2011,"75,040.00",Mobiliario y Equipo de Oficina
2,TRANSFORMADOR DE ACEITE,COOPER 75KVA 13.8 120/240,,15/04/2012,"108,000.00",Mobiliario y Equipo de Oficina
1,UNIDAD DE AIRE ACONDICIONADO MINI SPLIT 28K BTU INVERTER,PANASONIC MINI SPLIT PARA USO OFICINA PASTOR ROGER,"Serie. B8668E186901N00004
Modelo.CS-YU18AKV-2",14/05/2025,"28,801.00",Mobiliario y Equipo de Oficina
1,1 JUEGO AURICULARES ULTRALITE C/BATERIA RECARGABLE LITHIUM,,,28/02/2017,"4,177.86",Mobiliario y Equipo de Templo
1,ACONDICIONADO 12000 BTU COMFORT PARA SALA  CUNA,,,31/08/2022,"24,976.50",Mobiliario y Equipo de Templo
1,AIRE ACONDICIONADO,50 TON COMFORT,DF9FP4035500151,31/07/2016,"13,100.00",Mobiliario y Equipo de Templo
1,AIRE ACONDICIONADO,50 TON COMFORT,DF9FP4035550693,31/07/2016,"13,100.00",Mobiliario y Equipo de Templo
1,AIRE ACONDICIONADO,50 TON COMFORT,DF9FP4035551773,31/07/2016,"13,100.00",Mobiliario y Equipo de Templo
1,AIRE ACONDICIONADO,50 TON COMFORT,DF9FP4035551100,31/07/2016,"13,100.00",Mobiliario y Equipo de Templo
1,AIRE ACONDICIONADO,50 TON COMFORT,DF9FP4035552976,31/07/2016,"13,100.00",Mobiliario y Equipo de Templo
1,AIRE ACONDICIONADO,PANASONIC 12000 BTU,,31/07/2023,"22,000.00",Mobiliario y Equipo de Templo
1,AIRE ACONDICIONADO DE 5 TONELADAS MINI SPLIT TIPO,"TECHO INVERTER DE 25 SEER, SALON USOS MULTIPLES",,28/02/2022,"50,000.00",Mobiliario y Equipo de Templo
1,AIRE ACONDICIONADO DEL TEMPLO COMPRADO A FRIOPARTES,,,31/10/2018,"41,000.00",Mobiliario y Equipo de Templo
1,AIRE ACONDICIONADO MINI SPLIT 12K BTU,PANASONIC INVERTER,B8105C350204N00434,14/09/2023,"16,800.00",Mobiliario y Equipo de Templo
1,AIRE ACONDICIONADO MINI SPLIT 5 TONELADAS 60000 BTU 20 SER,MARCA CONFORT STAR CON ISTALACION PARA USO TEMPLO,,31/12/2018,"53,980.00",Mobiliario y Equipo de Templo
1,AIRE ACONDICIONADO SEER25,"6000 BTU, 5 TONELADAS",R410,01/06/2023,"86,980.00",Mobiliario y Equipo de Templo
1,AIRE ACONDICIONADO TIPO MINI,SPLIT DE 5 TONELADAS DE 25 SEER MARCO CONFORD,,28/02/2022,"31,500.00",Mobiliario y Equipo de Templo
1,AMPLIFICADOR CON HDCP/EDID SUPPORT (Disctribuidor de señal),KRAMER- 2.0 4K - 1X4,KRA-VM-4H2,08/04/2024,"15,726.25",Mobiliario y Equipo de Templo
1,AMPLIFICADOR KRAMER,Marca KRAMER color negro Modelo VM-4H2,"S/N 04230112600228
P/N 10-80408090",25/03/2024,"14,375.79",Mobiliario y Equipo de Templo
1,AREM SWITCHER,,3063540.0,31/12/2016,"22,322.74",Mobiliario y Equipo de Templo
1,BANCO PARA USAR EN BATERIA DE ALABANZA,,,31/07/2021,"2,404.00",Mobiliario y Equipo de Templo
1,"BARRILES/LLANTERA, TANQUE BLANCO PARA AGUA",,,30/11/2018,"2,400.00",Mobiliario y Equipo de Templo
1,BATERIA/ESTUCHE CAMCORDER P/CAMARA,,,28/02/2017,786.65,Mobiliario y Equipo de Templo
4,BATERIAS 12 V 150 A VORTTEK PARA INVERSOR,,,30/06/2021,"32,000.04",Mobiliario y Equipo de Templo
2,BATERIAS RECARGABLES SONY P/CAMARAS,,,31/03/2017,"6,179.73",Mobiliario y Equipo de Templo
2,BUZONES,MADERA,,27/02/2008,"3,000.00",Mobiliario y Equipo de Templo
1,CAMARA DE SEGURIDAD BULLET IP 4MP DOHVAFADOR,9H07656PAGD0BD0,DH-IPC-HFW1239T1-A-LED-S5,27/04/2025,"1,608.85",Mobiliario y Equipo de Templo
1,CAMARA SONY HXRNX100 FULL HD NXCAM CAMCORDER NEGRA,,,28/02/2017,"43,400.45",Mobiliario y Equipo de Templo
2,CAMARAS,SONY FULL HD,3B1630-28628,31/12/2016,"90,686.39",Mobiliario y Equipo de Templo
2,CAMARAS DE SEGURIDAD DOMO IP2MP FULL COLOR,9D07286PAG735C3,DH-IPC-HFW1439S1-A-LED-S4,27/04/2024,"2,688.70",Mobiliario y Equipo de Templo
1,CAPTURADOR,BLACKMAGIC,,31/12/2016,"3,253.06",Mobiliario y Equipo de Templo
1,CAPTURADORA DE VIDEO ELGATE CAM LINK EN MAYO 21,,,31/12/2021,"2,910.23",Mobiliario y Equipo de Templo
1,CARGADOR SHURE CON 2 BATERIAS DE LITIO,0054-S8C200,0054-SB9008,05/08/2023,"15,280.00",Mobiliario y Equipo de Templo
1,COMPRA DE LAPTOP MACBOOK PRO PARA USO,,AREA DE ALABANZA,31/10/2021,"32,396.70",Mobiliario y Equipo de Templo
1,COMPUTADORA,MAC PRO,,31/12/2016,"113,153.20",Mobiliario y Equipo de Templo
1,COMPUTADORA MAC MINI PARA MULTIMEDIA,,,30/06/2021,"46,524.02",Mobiliario y Equipo de Templo
1,"CONDENSADOR SPLIT 60000BTU (TRANSFORMADOR SECO NEMA, MVA60FBAS6HBCP UNIDAD AHU, CZ-P6-P680BK2 BRANCH, CZ-RTC6 CONTROL REMOTO","PANASONIC U-20ME2H7 VRF ME2 SERIES, 20HP 3P, 380-415V",,14/02/2024,"997,874.99",Mobiliario y Equipo de Templo
1,CONDENSADORA TRIFASICA DAIKIN 5TON 3PH,FRIOPARTES,,31/03/2017,"40,000.00",Mobiliario y Equipo de Templo
1,CONSOLA STAGE DESIGNER 50 PARA MONITERIAR,LUCES DE PLATAFORMA,,31/07/2021,"4,850.00",Mobiliario y Equipo de Templo
1,CONTROLADOR DE PANTALLAS LED MCTRL4K,PROCESADOR 4K@60Hz,,04/11/2024,"87,807.05",Mobiliario y Equipo de Templo
1,CONVERTIDOR HDMI A SDI 1080P,INVERSIONES ZAHLE,,31/03/2017,"9,775.00",Mobiliario y Equipo de Templo
26,CORTINA CON SUS FLECOS,,,31/03/2016,"38,700.00",Mobiliario y Equipo de Templo
25,CORTINAS CON FLECOS,TERGAL DORADO/TELA VERDE,,21/09/2006,"39,186.00",Mobiliario y Equipo de Templo
2,EVAPORADORAS COMFORTSTAR MOD.AFCU-60C,AIRE FRIO S/240276075026B270160435-351,,31/03/2017,"21,500.00",Mobiliario y Equipo de Templo
1,EXTENSOR DE SEÑAL KRAMER,Marca KRAMER color negro 230 pies,,25/03/2024,"15,093.75",Mobiliario y Equipo de Templo
2,EXTINTOR 10 LBS C02,,,02/03/2023,"9,660.00",Mobiliario y Equipo de Templo
1,EXTINTORES 20 LBS POLVO QUIMICO ABC,,,02/03/2023,"1,840.00",Mobiliario y Equipo de Templo
2,EXTINTORES 5 LBS C02,,,02/03/2023,"6,900.00",Mobiliario y Equipo de Templo
1,FREIDORA AMERICANA USADA.,INDUSTRIAS ECO,,31/01/2017,"17,000.00",Mobiliario y Equipo de Templo
3,INTERCOMUNICADORES,EARTEC ULDM/ULTRALITE,,31/12/2016,"15,880.05",Mobiliario y Equipo de Templo
1,INTERFAZ CONVERTIDOR DE AUDIO ANALOGICO A DIGITAL,MEDIAWEBPLACE,,28/02/2017,"10,317.44",Mobiliario y Equipo de Templo
1,INTERFAZ DMX AMERICAN DJ DISPOSITIVO CONTROLADOR DE LUCES AREA MULTIMEDIA,,,30/11/2018,"5,408.55",Mobiliario y Equipo de Templo
1,JUEGO DE LUCES,,,31/12/2016,"9,640.94",Mobiliario y Equipo de Templo
1,"MEMORIA 64GB ALTA VELOCIDAD SDXC/SDX64U395-GE,ANEXO CAMARA",,,28/02/2017,586.35,Mobiliario y Equipo de Templo
1,MESA PARA CONSOLA LV1,,,28/06/2023,"21,024.07",Mobiliario y Equipo de Templo
20,MESAS RECTANGULARES,PLASTICAS,,30/11/2016,"30,349.52",Mobiliario y Equipo de Templo
2,MINI SPLIT,ARMSTRONG,1602616081-160261605,01/02/2004,"31,680.00",Mobiliario y Equipo de Templo
1,MINI SPLIT,LENNOX/HS29-060-9Y/DNT-60,55803E82315,09/02/2004,"24,750.00",Mobiliario y Equipo de Templo
1,MINI SPLIT,LENNOX/HS29-060-9Y/DNT-61,55803E82306,09/02/2004,"24,750.00",Mobiliario y Equipo de Templo
1,MINI SPLIT,LENNOX/HS29-060-9Y/DNT-62,55803E82317,09/02/2004,"24,750.00",Mobiliario y Equipo de Templo
1,MINI SPLIT,LENNOX/HS29-060-9Y/DNT-63,55803E82324,09/02/2004,"24,750.00",Mobiliario y Equipo de Templo
1,MINI SPLIT,LENNOX/HS29-060-9Y/DNT-64,55803E82333,09/02/2004,"24,750.00",Mobiliario y Equipo de Templo
1,MINI SPLIT,LENNOX/HS29-060-9Y/DNT-65,55803E813925,09/02/2004,"24,750.00",Mobiliario y Equipo de Templo
1,MINI SPLIT,LENNOX/HS29-060-9Y/DNT-66,55803E813924,09/02/2004,"24,750.00",Mobiliario y Equipo de Templo
1,MINI SPLIT,LENNOX/HS29-060-9Y/DNT-67,55803E866341,09/02/2004,"24,750.00",Mobiliario y Equipo de Templo
1,MINI SPLIT 18K BTU,PANASONIC (sala jovenes),"Model CS-YSU24AKV-2
Serie B8649E186803N00009",13/06/2025,"28,800.00",Mobiliario y Equipo de Templo
1,MINI SPLIT 18K BTU,PANASONIC (sala E.B),"Model CS-YSU18AKV-2
Serie B8668E186801N00004",13/06/2025,"28,800.00",Mobiliario y Equipo de Templo
1,MINI SPLIT 24K BTU,PANASONIC (Sala voces),"Model CS-YS18YKV-2
Serie B3814D815302N00228",13/06/2025,"38,100.00",Mobiliario y Equipo de Templo
1,MINI SPLIT 24K BTU,PANASONIC  (Sala Cuna),"Model CS-YU24AKV-2
Serie B8649E186803N00033",18/07/2025,"41,300.00",Mobiliario y Equipo de Templo
1,MINI SPLIT DUCTO 5 TOM,WHISPER/LENNOX -FCD060DC,15806 M06002,17/04/2006,"53,571.43",Mobiliario y Equipo de Templo
1,MINI SPLIT DUCTO 5 TOM,WHISPER/LENNOX -FCD060DC,15806 M06006,17/04/2006,"53,571.43",Mobiliario y Equipo de Templo
1,MINI SPLIT DUCTO 5 TOM,WHISPER/LENNOX -FCD060DC,15806 M06054,17/04/2006,"53,571.43",Mobiliario y Equipo de Templo
1,MINISPLIT 18000 BTU 25 SEERS CONFORST PARA,NUEVO SALON DE USOS MULTIPLES,,31/07/2022,"28,698.35",Mobiliario y Equipo de Templo
1,MUEBLE P/RECEPCION,DEMSA,,15/11/2011,"18,869.76",Mobiliario y Equipo de Templo
1,PANEL DE LUZ LED PARA VIDEO,GODOX LEDP260C,,17/06/2024,"2,968.70",Mobiliario y Equipo de Templo
1,PANTALLA 120 PULGADAS CON TRIPODE,GODOX LEDP260C,M221012303,18/04/2024,"3,680.00",Mobiliario y Equipo de Templo
1,PANTALLA LED Y ACCESORIOS 2.6mm / 48 MODULOS (24 x lado),24 MODULOS POR LADO,,26/09/2024,"658,809.36",Mobiliario y Equipo de Templo
4,PAR LED DE 3Watt,Marca TGM Modelo TC007 color negro,"S-LA29825794
S-LA2982515
S-LA2982580
S-LA2982582",25/03/2024,"8,509.88",Mobiliario y Equipo de Templo
1,PARLANTE AMPLIFICADOR 2000 WATS 1X12 CON PEDESTA,,,30/11/2021,"65,500.00",Mobiliario y Equipo de Templo
1,PISTOLA PARA PINTAR 31/07/2018 PINTURAS SUR,,,30/11/2018,"2,687.55",Mobiliario y Equipo de Templo
2,PIZARRAS ACRILICAS  121.9 X 243.8 CMS CUADRICULADA,ESCUELA BIBLICA,N-ME177-000-NLX,05/04/2024,"6,281.91",Mobiliario y Equipo de Templo
1,PRICESMART ARMARIO COLOR GRIS P/USO VIDEO,,,30/04/2018,"4,800.00",Mobiliario y Equipo de Templo
1,SILLA TIPO BANCO,,,30/09/2018,429.20,Mobiliario y Equipo de Templo
1,SILLA TIPO BANCO CUERINA DONADO POR PEROSON,,,30/09/2018,"3,287.60",Mobiliario y Equipo de Templo
890,SILLAS,METAL,COLOR GRIS,20/09/2002,"106,800.00",Mobiliario y Equipo de Templo
300,SILLAS,PLASTICAS,COLOR BEIGE,31/03/2010,"191,329.00",Mobiliario y Equipo de Templo
400,SILLAS PLASTICAS,LIFETIME,,31/08/2016,"250,416.00",Mobiliario y Equipo de Templo
3,SILLAS TAPIZADAS,COLOR NEGRO,,31/12/2016,"2,277.00",Mobiliario y Equipo de Templo
1,SISTEMA VRF MINI SPLIT 15BTU,PANASONIC,S-6192304879,23/11/2023,"299,848.00",Mobiliario y Equipo de Templo
1,SMART TV 43',JVS | LT-43KM348,S/N 43KM348N-X2249GT072420632,23/12/2024,"5,790.00",Mobiliario y Equipo de Templo
1,"TELEVIDOR LED 47""",LG 2HDMI 1 USB,20BRMMD23723,17/10/2016,"14,082.70",Mobiliario y Equipo de Templo
1,TELEVISOR,"LG 32"" 32LH5738",609MXGLT6271,31/12/2016,"6,490.00",Mobiliario y Equipo de Templo
1,TELEVISOR LED 85 PULGADAS UHD 4K/SMAR,SAMSUNG 8806094871593-,"MODELO UN85CU7000P
S/N 0FA43CBWA00028",06/04/2024,"32,645.76",Mobiliario y Equipo de Templo
1,TERMOMETRO DIGITAL,,,31/12/2021,"1,099.00",Mobiliario y Equipo de Templo
1,TRANSFER MANUAL PARA INVERSOR #80A,,300X300X200M,28/11/2023,"8,014.37",Mobiliario y Equipo de Templo
1,TRANSMISOR Y RECEPTOR,WIRELESS HD,,31/12/2016,"30,725.50",Mobiliario y Equipo de Templo
1,TRANSMISOR Y RECEPTOR HD DE VIDEO CVW CVW100 WIRELESS,,,28/02/2017,"30,319.35",Mobiliario y Equipo de Templo
1,TRIPODE ALTA PRO2,,,31/08/2022,"7,850.00",Mobiliario y Equipo de Templo
1,TRIPODE LIBEC TH-650HD,,,31/03/2017,"4,243.41",Mobiliario y Equipo de Templo
1,TRIPODE METALICO PARA TV USO MEMBRESIA,,,31/08/2022,"2,182.70",Mobiliario y Equipo de Templo
2,TRIPODES,LIBEC TH650 P/7.5 LBS,,31/12/2016,"16,359.86",Mobiliario y Equipo de Templo
1,UNIDAD DE AIRE ACONDICIONADO DE 5 TONELADAS MARC,COMFORSTAR PARA SALON DE USOS MULTIPLES,,31/10/2021,"67,000.00",Mobiliario y Equipo de Templo
1,UPS,220/240V POWER BOX,GKVA/6KW,31/07/2023,"68,195.00",Mobiliario y Equipo de Templo
2,VENTILADOR DE PARED,NAVIA,COLOR GRIS CLARO,27/09/2024,"4,334.30",Mobiliario y Equipo de Templo
1,VENTILADOR PARA AREA DE ALABANZA,,,31/12/2019,"2,790.00",Mobiliario y Equipo de Templo
1,VENTILADOR PARED 16 3VEL. C/R WESTINHOUSE 727704 BL60207 BLANCO,,,31/03/2022,"1,560.00",Mobiliario y Equipo de Templo
1,VENTILADOR PARED 16 3VEL. C/R WESTINHOUSE 7278085445,,,31/03/2022,"1,560.00",Mobiliario y Equipo de Templo
1,VENTILADOR PORTATIL 120v -60Hz,DeWALT color amarillo y negro,DXAM2260,18/11/2025,"1,969.19",Mobiliario y Equipo de Templo
1,VENTILADOR PORTATIL 120v -60Hz,DeWALT color amarillo y negro,DXAM2260,21/11/2025,"1,969.19",Mobiliario y Equipo de Templo
2,VENTILADORES 16PLG P/PARED,(200-8209),HF-40W,30/03/2023,"3,410.00",Mobiliario y Equipo de Templo
3,VENTILADORES PISO 16 3VEL. WESTINHOUSE 7278085445,,,31/03/2022,"4,140.00",Mobiliario y Equipo de Templo
2,VENTILADORES PIVOTING UTILITY FAN / KONWIN,KONWIN-MODELO VBF02/COLOR NEGRO,PSMT # 414332,21/03/2024,"3,399.90",Mobiliario y Equipo de Templo
8,"WORLD OF STEREO X 4 LUCES CHAWET,2DMI 10"",2DMX 15"",2 SPOTS",,,30/06/2018,"23,079.05",Mobiliario y Equipo de Templo
2,WORLD STEREO 2 OPTIMA PROYECTORESS/ID13WU1Z118060158,,,30/06/2018,"40,582.20",Mobiliario y Equipo de Templo
3,WORLD STEREO 3 RITEAV-1CAT6 AND 1 HDMI PORT WALL PLATE,,,30/06/2018,"1,075.50",Mobiliario y Equipo de Templo
1,WORLD STEREO BLACK MAJIC ATEM TELEVISION ESTUDIO,,,30/06/2018,"23,898.80",Mobiliario y Equipo de Templo
2,WORLD STEREO KANEXPRO HDM1 FULL HD EXTENDER OVER CAT6,,,30/06/2018,"2,185.00",Mobiliario y Equipo de Templo
2,WORLD STEREO PORTTA HDMI SPLITER 4 PORT ¼,,,30/06/2018,"2,151.00",Mobiliario y Equipo de Templo
3,WORLD STEREO THUNDERBOLT TO HDM1  ADAPTER,,,30/06/2018,"3,585.00",Mobiliario y Equipo de Templo
2,1 CYMBAL 12A CUSTOM Y 1 CYMBAL 10 S SPLASH,,,30/09/2018,900.00,Equipo de Audio e Instrumentos
1,1000 LQZ1 DE CABLE HORIZONT,,,31/05/2019,"8,000.00",Equipo de Audio e Instrumentos
1,ACRILICO P/BATERIA,CLEAR SONIC,,21/09/2007,"18,224.00",Equipo de Audio e Instrumentos
1,ADAPTADOR PARA BATERIA TERADEK BOLT,,,31/07/2019,"2,622.68",Equipo de Audio e Instrumentos
1,ADAPTADORES PARA MONITOR TRANSMISOR EN CAMARA,,,31/07/2019,221.70,Equipo de Audio e Instrumentos
1,ADMINISTRADOR DE FRECUENCIA,0054-AD600US,,07/07/2023,"182,382.87",Equipo de Audio e Instrumentos
1,AMPLIFICADOR BAJO ELECTRICO TUVRheinland,"MODELO LH1000
No. 0916400847",Serie LH103J00001,07/08/2024,"17,417.43",Equipo de Audio e Instrumentos
1,AMPLIFICADOR P/GUITARRA,MARSHALL,K-2003-06-9964-,05/08/2004,"7,488.00",Equipo de Audio e Instrumentos
1,AMPLIFICADOR P/PIANO,ROLAND/KC550VC,ZR21038,,"5,000.00",Equipo de Audio e Instrumentos
1,AMPLIFICADOR P/PIANO,ROLAND/KC350VC,ZR85591,,"5,000.00",Equipo de Audio e Instrumentos
1,ATRIL P/PARTITURA,,,04/11/2025,618.99,Equipo de Audio e Instrumentos
2,ATRIL P/PARTITURA  SOUND KING,SOUND KING,,04/11/2025,"1,291.93",Equipo de Audio e Instrumentos
1,AUDIFONO,,,30/06/2022,"5,670.00",Equipo de Audio e Instrumentos
1,AUDIFONO,0054-SE535-CL,,07/07/2023,"11,015.16",Equipo de Audio e Instrumentos
1,AVIOM 16 CANALES,41666.0,,03/04/2023,"47,882.34",Equipo de Audio e Instrumentos
1,AVIOM D400,20985.0,,03/04/2023,"36,824.06",Equipo de Audio e Instrumentos
1,AVIOM-A320-MEZCLADOR MOTOR 32 CANALES,,,27/11/2023,"17,728.85",Equipo de Audio e Instrumentos
1,BAJO DE 5 CUERDAS,AMERICAN DELL,FE0194692706,05/12/2013,"37,968.00",Equipo de Audio e Instrumentos
1,BAJO ELECTRICO,IBANEZ,S03021194,20/09/2003,"4,788.00",Equipo de Audio e Instrumentos
1,BAJO ELECTRICO,PEAVEY (MALO),6688070.0,,"4,000.00",Equipo de Audio e Instrumentos
1,BAJO ELECTRICO DE SEGUNDA COMPRADO A MARCO COTO,,,31/03/2019,"15,000.00",Equipo de Audio e Instrumentos
2,BAJOS 2X18 ACTIVOS DB TECNOLOGIES,,,31/05/2019,"177,000.00",Equipo de Audio e Instrumentos
1,BANCO P/PIANO,HERCULES,,,700.00,Equipo de Audio e Instrumentos
3,BANQUITOS EN CRUZ,EASY LOOCK,,,"1,200.00",Equipo de Audio e Instrumentos
1,BARRA MUSICAL,,,17/01/2003,"1,185.00",Equipo de Audio e Instrumentos
1,BATERIA,TAMA,,20/10/2003,"43,029.28",Equipo de Audio e Instrumentos
1,BATERIA,POWER BEAT,,,"6,000.00",Equipo de Audio e Instrumentos
1,BATERIAS DSTE NP'F970,,,31/07/2019,801.23,Equipo de Audio e Instrumentos
1,BOCINA AMPLIFICADA,JBL/EON,P035299637,26/07/2007,"16,100.00",Equipo de Audio e Instrumentos
1,BOCINA AMPLIFICADA,JBL/EON,P03529634,26/07/2007,"16,100.00",Equipo de Audio e Instrumentos
1,BOCINA COMBO GUITARRA,MARSHALL/AVT412,M-2001-34-1820,05/08/2004,"6,912.00",Equipo de Audio e Instrumentos
1,BOCINA P/MONITOR,PEAVEY/SP115M,10890618.0,,"4,500.00",Equipo de Audio e Instrumentos
1,BOCINA P/MONITOR,PEAVEY/SP115M,10890774.0,,"4,500.00",Equipo de Audio e Instrumentos
1,BOCINA RECARGABLE,TOR TXA15P9751 / 85P504,,18/07/2024,"9,675.85",Equipo de Audio e Instrumentos
1,BOCINA/AMPLIFICA/ P/BAJO,2115 HARKE,,26/05/2001,"13,500.00",Equipo de Audio e Instrumentos
2,BOCINAS,JBL PRX715,32836-32887,31/05/2017,"46,000.00",Equipo de Audio e Instrumentos
4,BOCINAS 2EAW (EASTERN ACOUSTIC WORKS),MODELO RS123,"Bocina 1 Serie No. 207029990AKQQ0055 REV A00
Bocina 2 Serie No. 207029990AKQQ0056  REV A00
Bocina 3 Serie No. 207029990AKPD0070 REV 105
Bocina 4 Serie No. 207029990AKPD0138 REV 105",30/01/2025,"152,000.00",Equipo de Audio e Instrumentos
2,BRAQUET PARA COLGAR BOCINAS DB TECHNOLOGIES T12,,,31/05/2019,"40,650.00",Equipo de Audio e Instrumentos
1,CAJA,KORG,,19/06/2006,"5,410.66",Equipo de Audio e Instrumentos
1,CAJA,MUSHICAN B05970 (VENDIDA),7692149000.0,23/06/2006,"4,644.00",Equipo de Audio e Instrumentos
1,CAJA P/MICROFONO INALAMBRICO,SHURE/GL108057,2110800735-05,,"1,500.00",Equipo de Audio e Instrumentos
4,CAJAS DIRECTAS ACTIVAS BIHRINGER PARA VIDEO EN,,,28/02/2019,"5,796.00",Equipo de Audio e Instrumentos
1,CAPTURARDORA BLACKMAGIC PARA COMPUTADORA,MAC MINI M1 PARA TRANSMISIONES,,31/05/2021,"2,776.53",Equipo de Audio e Instrumentos
1,CARGADOR DE 8 BATERIAS PARA AUDIO,,,31/07/2019,714.92,Equipo de Audio e Instrumentos
1,CARGADOR SHURE PARA 8 MICROFONOS Y 8 BATERIAS DE LITIO SHURE INALAMBRICOS,SHURE,,04/07/2025,"35,339.91",Equipo de Audio e Instrumentos
1,CARGADOR Y 2 BATERIAS DSTE NP-750,,,31/07/2019,714.92,Equipo de Audio e Instrumentos
1,CASE P/GUITARRA,ESM-AF-58G,,05/12/2013,"3,360.00",Equipo de Audio e Instrumentos
1,CASE PARA TECLADO 88 TECLAS MARCA GATOR,,,31/07/2019,"6,521.66",Equipo de Audio e Instrumentos
2,CENCERROS AMARILLOS/ROJO,LP RIDGE RIDER,,,"3,000.00",Equipo de Audio e Instrumentos
1,CLAMP FIJADOR DE TRANSMISOR AFVO,,,31/07/2019,310.48,Equipo de Audio e Instrumentos
1,CODIFICADOR Y GRABADOR ESTRIMI PARA MULTIMEDIA,,,29/02/2020,"36,901.62",Equipo de Audio e Instrumentos
1,COMPUTADORA DE ESCRITORIO DELL PARA MULTIMEDIA,,,31/03/2020,"10,956.00",Equipo de Audio e Instrumentos
1,CONCERTINA,ESM,,30/04/2011,"7,200.00",Equipo de Audio e Instrumentos
1,CONSOLA,SOUNDCRAFT/EPM6,RW5734157336,26/07/2007,"5,000.00",Equipo de Audio e Instrumentos
1,CONSOLA,SOUNDCRAFT EFX8,30316343.0,31/05/2016,"8,730.00",Equipo de Audio e Instrumentos
1,CONSOLA DE 32 CANALES,MACKIE/32-8-2,,,"40,000.00",Equipo de Audio e Instrumentos
1,CONSOLA DIGITAL,YAMAHA LS9-32,,18/07/2014,"178,500.00",Equipo de Audio e Instrumentos
1,CONSOLA DIGITAL SOUNCRAFF 20 CANALES 8 AUXILIARES PARA EL,SALON DE USOS MULTIPLES PLANTA ALTA,,31/01/2020,"21,300.00",Equipo de Audio e Instrumentos
1,CONSOLA MODULAR 64 CANALES,WAVES,,09/03/2023,"582,705.74",Equipo de Audio e Instrumentos
1,CONSOLA PRESONUS SL 16.0.2,,,30/09/2022,"48,150.50",Equipo de Audio e Instrumentos
1,Camara de video Sony y sus accesoiors,"SONY CON CARGADOR, BATERIA, CASE Y DEMAS ACCESORIOS",,04/11/2024,"128,619.82",Equipo de Audio e Instrumentos
1,DECK,SONNY/TC-WE305,8195052.0,,"2,128.00",Equipo de Audio e Instrumentos
1,DECK,SONY/TC-WE305,8101230.0,,"2,128.00",Equipo de Audio e Instrumentos
4,DIAFRAGMAS P/DRIVER 2447,,,24/03/2008,"13,400.00",Equipo de Audio e Instrumentos
1,DISCO DURO SAMUPE4T0SA ($299.99),SAMSUNG 4TB T7 SHIELD PORTABLE SSD / NEGRO,#S6SFNJ0WA31604,10/06/2024,"7,423.43",Equipo de Audio e Instrumentos
1,DISTRIBUIDOR DE ANTENA SHURE,SHURE,SE 2DK14554470,20/03/2025,"16,748.03",Equipo de Audio e Instrumentos
1,DRIVE RACK P/BOCINAS,PEAVEY,,24/03/2008,"10,500.00",Equipo de Audio e Instrumentos
1,ECUALIZADOR,,BEHRINGER,,"6,500.00",Equipo de Audio e Instrumentos
1,ECUALIZADOR,DBXPAV,22832.0,,"5,000.00",Equipo de Audio e Instrumentos
1,"ELECTRONICA GEO, PEDESTAL Y PEDAL DE SOSTEN P/TECLADO",,,30/11/2018,"2,340.00",Equipo de Audio e Instrumentos
1,FLAUTA TRANSVERSA,,,30/06/2009,"6,101.78",Equipo de Audio e Instrumentos
1,FULL AUDIO  X  CONSOLA SOUNDTRACK DE 8 CANALES P/ESC.BIBLI,,,30/06/2018,"6,900.00",Equipo de Audio e Instrumentos
1,FULL AUDIO X  BOCINA AMPLIFICADA 300W SOUNDTRACK  P/ESC.BI,,,30/06/2018,"12,000.00",Equipo de Audio e Instrumentos
1,GAVINETE 9RU ABATIBLE CON VENTILADOR GENERICO PARA CONSOLA,DE SALON DE USOS MULTIPLES PLANTA ALTA,,31/01/2020,"3,277.50",Equipo de Audio e Instrumentos
1,GIBRALTAR,,,,"6,000.00",Equipo de Audio e Instrumentos
1,GUITARRA ELECTRICA,SQUIER FENDER/SKATOCOSTA,E725955,,"5,000.00",Equipo de Audio e Instrumentos
1,GUITARRA ELECTRICA,AMERICAN SPECIAL STF,FE0170162707,05/12/2013,"21,840.00",Equipo de Audio e Instrumentos
1,GUITARRA ELECTRO ACUSTICA,ALLAN/S015CE,,01/01/2010,"2,500.00",Equipo de Audio e Instrumentos
1,GUITARRA ELECTROACÚSTICA,ONYX,A302-3TS/B,09/11/2023,"4,727.35",Equipo de Audio e Instrumentos
6,INTERCOMUNICADORES INALAMBRICOS,,,30/04/2022,"38,874.37",Equipo de Audio e Instrumentos
1,INTERFAZ APOLLO Para MAC,APOLLO,Serie 25152032130329,19/09/2025,"17,381.28",Equipo de Audio e Instrumentos
1,INTERFAZ APOLLO Para Windonws,APOLLO,Serie 25122028500291,20/09/2025,"14,056.67",Equipo de Audio e Instrumentos
1,INTERFAZ SSL 2+ PARA USO DE STUDIO DE GRAVACION,,,31/12/2022,"9,641.00",Equipo de Audio e Instrumentos
1,INTERFAZIRING STREM PRO,AUD STREAM DVC,,03/11/2025,"5,742.31",Equipo de Audio e Instrumentos
1,IPAD PRO WIFE 256 GB SPACE GRAY 11 PULGADAS,,,26/01/2023,"25,841.28",Equipo de Audio e Instrumentos
1,JUEGO DE DOS LUCES LED GVM,,,31/07/2019,"4,438.70",Equipo de Audio e Instrumentos
2,KIT CABLE DE CORRIENTE Y SEÑAL,,,31/05/2019,"14,280.00",Equipo de Audio e Instrumentos
1,KIT DE IDENTIFICACIÓN PARA MICROFONOS AD2 SHURE,SHURE / WA617M RADOME COLOR ID KIT,"SERIE 328KZ34289
182892",04/04/2024,765.00,Equipo de Audio e Instrumentos
1,KIT MICROFONOS,WORSHIP/CASE,,25/09/2004,"3,780.00",Equipo de Audio e Instrumentos
1,LAPTOP MACBOOK 2015,,,30/06/2018,"21,509.44",Equipo de Audio e Instrumentos
1,"LOUDBOX ARTIST +BT, US 120V",0059-PRO-LBT-600,,07/07/2023,"20,171.00",Equipo de Audio e Instrumentos
1,LUCES LED PAR 64 DMY,,,31/01/2020,"5,040.00",Equipo de Audio e Instrumentos
1,LUZ PEQUEÑA CON TRIPODE,,,31/07/2019,863.13,Equipo de Audio e Instrumentos
1,MALETA ESTUCHE MAGIMA PARA EQUIPO,,,31/07/2019,"8,414.22",Equipo de Audio e Instrumentos
1,MATERIALES MUEBLE VIDEO,,,30/09/2018,"10,000.00",Equipo de Audio e Instrumentos
1,MEDUSA,WHIRLWIND DE 32 CANALES,,11/09/2004,"23,000.00",Equipo de Audio e Instrumentos
1,MEDUSA,WHIRLWIND DE 24 CANALES,,,"10,000.00",Equipo de Audio e Instrumentos
1,MICROFONO,SENNHEISER/E8155,,,"2,500.00",Equipo de Audio e Instrumentos
1,MICROFONO DE MANO PARA SALON DE USOS MULTIPLES PLANTA ALTA,,,31/01/2020,"3,100.00",Equipo de Audio e Instrumentos
1,MICROFONO DINAMICO,0054-SM81-LC,TIPO CARDIOIDE,11/07/2023,"10,400.00",Equipo de Audio e Instrumentos
1,MICROFONO DINAMICO TIPO CARDIOIDE,,0054-SM81-LC,22/11/2023,"10,600.00",Equipo de Audio e Instrumentos
1,MICROFONO INALAMBRICO,SHURE BETA 87 A,,31/08/2008,"14,430.00",Equipo de Audio e Instrumentos
1,MICROFONO INALAMBRICO,SENNHEISER,,31/03/2012,"15,000.00",Equipo de Audio e Instrumentos
2,MICROFONO INALAMBRICO DE MANO,,0054-ADX2/SM58 G55,19/10/2023,"103,218.48",Equipo de Audio e Instrumentos
1,MICROFONO INALAMBRICO SHURE LAVALIER DXI,,,31/07/2019,"25,575.18",Equipo de Audio e Instrumentos
1,MICROFONO INALAMBRICO SHURE QLXD SM58,,,31/07/2019,"25,575.18",Equipo de Audio e Instrumentos
2,MICROFONO INALAMBRICO SM58,SHURE SM58 -G50,"Modelo QLXD24/SM58-G50
Serie 2CF26927265",06/11/2024,"72,716.80",Equipo de Audio e Instrumentos
1,MICROFONO P/BOMBO,SENNHEISER,,,"2,500.00",Equipo de Audio e Instrumentos
1,MICROFONO PARA CAMARA MOVO,,,31/07/2019,986.43,Equipo de Audio e Instrumentos
1,MICROFONO RODE M5 PARA BATERIA,,,31/07/2019,"5,089.45",Equipo de Audio e Instrumentos
1,MICROFONO SHURE CON SWITCH,,,30/06/2019,"3,375.54",Equipo de Audio e Instrumentos
1,MICROFONO SHURE QLXD2,SHURE,SE 2EB12371366,20/03/2025,"11,984.76",Equipo de Audio e Instrumentos
2,MICROFONO SHURE QLXD2 G50,SHURE QLXD2 G50,,25/03/2024,"24,800.00",Equipo de Audio e Instrumentos
1,MICROFONO SHURE QLXD2/SM58 G50,SHURE QLXD2 G50,,10/03/2024,"10,241.53",Equipo de Audio e Instrumentos
1,MICROFONO SHURE QLXD2/SM58 H50,SHURE QLXD2 H50,,10/03/2024,"10,241.53",Equipo de Audio e Instrumentos
1,MICROFONO SHURE SM 58,SHURE-SM58-LC,,10/05/2024,"3,569.60",Equipo de Audio e Instrumentos
2,MICROFONO SHURE SM81,MICROFONO DINAMICO,TIPO CARDIOIDE,04/07/2024,"20,800.00",Equipo de Audio e Instrumentos
1,MICROFONO SM58 PARA TROMBOM DE ALABANZA,,,31/07/2021,"3,000.00",Equipo de Audio e Instrumentos
1,MICROFONO V7 SE ELECTRONICS,Dynamic Vocal Microphone V7 Se UP8,Serie 00V7B04329,19/09/2025,"2,920.01",Equipo de Audio e Instrumentos
1,MICROFONO V7 SE ELECTRONICS,,Serie 00V7B04332,19/09/2025,"2,920.01",Equipo de Audio e Instrumentos
1,MICROFONO V7 SE ELECTRONICS,,Serie 00V7B04338,19/09/2025,"2,920.01",Equipo de Audio e Instrumentos
1,MICROFONO V7 SE ELECTRONICS,,Serie 00V7B04344,19/09/2025,"2,920.01",Equipo de Audio e Instrumentos
1,MICROFONO V7 SE ELECTRONICS,,Serie 00V7B17106,19/09/2025,"2,920.01",Equipo de Audio e Instrumentos
1,MICROFONO V7 SE ELECTRONICS,,Serie 00V7B17111,19/09/2025,"2,920.01",Equipo de Audio e Instrumentos
5,MICROFONOS,SHURE BETA 58,,15/12/2012,"19,061.99",Equipo de Audio e Instrumentos
4,MICROFONOS,DE MANO SENNHEISER,,31/05/2016,"4,800.00",Equipo de Audio e Instrumentos
9,MICROFONOS BETA 58,SHURE,,,"13,500.00",Equipo de Audio e Instrumentos
3,MICROFONOS DINAMICO TIPO CORDOIDE SHURE Y,3 PEDESTALES PARA CORO,,30/11/2022,"31,140.05",Equipo de Audio e Instrumentos
2,MICROFONOS INALAMBRICOS,SHURE-BLX14/PG30 DIADEMA,TSPS01,12/03/2014,"14,950.00",Equipo de Audio e Instrumentos
2,MICROFONOS INALAMBRICOS,SHURE-BLX24/B58,TSPS01,12/03/2014,"19,550.00",Equipo de Audio e Instrumentos
2,MICROFONOS INSTRUMENTALES SMS7,SHURE-SM57-LC,,10/05/2024,"6,900.00",Equipo de Audio e Instrumentos
5,MICROFONOS P/BATERIA,SENNHEISER,,,"10,000.00",Equipo de Audio e Instrumentos
2,MICROFONOS PODCAST XLR CARDIO,SHURE,,13/06/2025,"16,978.96",Equipo de Audio e Instrumentos
3,MICROFONOS SHURE BETA 98 PARA BATERIA,,,31/07/2019,"17,877.03",Equipo de Audio e Instrumentos
6,MICROFONOS SHURE-BETA 58A,,,30/06/2017,"27,565.50",Equipo de Audio e Instrumentos
5,MICROFONOS SM 57,SHURE,,31/08/2008,"14,800.00",Equipo de Audio e Instrumentos
2,MICROFONOS SM57-LC Y 1 PEDAL PARA TECLADO YAMA,,,30/09/2022,"10,000.00",Equipo de Audio e Instrumentos
1,MONITOR,EPS53153,,,"3,000.00",Equipo de Audio e Instrumentos
1,MONITOR LED 21.5 PULGADAS WIDESCRREN,,,30/06/2021,"4,524.19",Equipo de Audio e Instrumentos
1,MONITOR MARCA SHURE PARA USO HNO. NUN MEJIA,,,31/08/2022,"5,900.00",Equipo de Audio e Instrumentos
1,MONITOR PARA CABINA DE MULTIMEDIA,,,31/03/2019,"5,000.00",Equipo de Audio e Instrumentos
1,MONITOR PSM300 SHURE,,,31/05/2019,"22,950.00",Equipo de Audio e Instrumentos
2,MONITORES,DD38-DVX-DM 12TH,,31/01/2023,"86,000.00",Equipo de Audio e Instrumentos
4,MONITORES DE OIDO BEHRINGER P2,,,30/06/2022,"6,411.54",Equipo de Audio e Instrumentos
1,MONITORES PARA ESTUDIO DE TRANSMISION,,,31/10/2021,"22,050.03",Equipo de Audio e Instrumentos
1,MONITORES PERSONALES  AVIOM,FULL COMPASS SYSTEM,,31/03/2017,"85,935.00",Equipo de Audio e Instrumentos
2,MONITORES TOUCHSCREEN 24``,DELL P2418HT 16:9 IPS,,03/04/2023,"19,904.20",Equipo de Audio e Instrumentos
1,PANEL ACUSTICO PARA BATERIA DE ALABANZA,,,31/12/2021,"44,516.59",Equipo de Audio e Instrumentos
1,PAR DE CONGAS,EVANS/EC1175,MARATHON,,"4,000.00",Equipo de Audio e Instrumentos
1,PAR DE TAROLAS,TITO PUENTE / LP,,,"1,500.00",Equipo de Audio e Instrumentos
2,"PARLANTES 2X15"" 500WATTS",SKF1040,,12/04/2008,"8,580.00",Equipo de Audio e Instrumentos
6,PARLANTES AEREO ACTIVO DB TECNOLOGIES  T12,,,31/05/2019,"472,500.00",Equipo de Audio e Instrumentos
2,PARLANTES AMPLIFICADOR CON BLUETOOTH JBL,JBL / COLOR NEGRO,0011-IRX108BT,04/04/2024,"16,000.00",Equipo de Audio e Instrumentos
2,PASTILLAS PARA MICROFONOS SHURE BETA 87A,CATRIDGE,RPW120 BETA87A,20/03/2025,"18,016.54",Equipo de Audio e Instrumentos
2,PED. P/PIANO TIPO MESA,PROEL DOBLE,,,"1,200.00",Equipo de Audio e Instrumentos
1,PEDALERA DE EFECTOS,PODXTLINE 6,FPD1P5606001836,,"5,500.00",Equipo de Audio e Instrumentos
2,PEDEST. P/BOCINA/BAJO,IMAGE,,,"3,000.00",Equipo de Audio e Instrumentos
4,PEDEST. P/MICR- BRAZO,JBL SKDD003B,,26/07/2007,"1,800.00",Equipo de Audio e Instrumentos
10,PEDEST. P/MICROFONOS,,,,"1,800.00",Equipo de Audio e Instrumentos
1,PEDEST. PORTA MICROF.,,,,"1,200.00",Equipo de Audio e Instrumentos
1,PEDESTAL P/AMPLIFICADOR,0025-SKDG050,,07/07/2023,622.84,Equipo de Audio e Instrumentos
1,PEDESTAL P/MICROFONO QUIKLOR,QUIKLOR MOD QLK-A5,,04/11/2025,"2,405.00",Equipo de Audio e Instrumentos
1,PEDESTAL P/PIANO,ULTIMATE,,,"2,000.00",Equipo de Audio e Instrumentos
2,PEDESTALES P/MICROFONO CON BOOM,,0025 SK DD00048,04/07/2024,"1,560.00",Equipo de Audio e Instrumentos
3,PEDESTALES P/MICROFONO SOUND KING,SOUND KING,,04/11/2025,"2,584.48",Equipo de Audio e Instrumentos
1,PIANO,YAMAHA MOTIF-ES8,JY01400,30/09/2009,"27,500.00",Equipo de Audio e Instrumentos
1,PIANO,ROLAND XP-80,CM47035,,"7,000.00",Equipo de Audio e Instrumentos
1,PIANO,KURZWEIL PC2X,5810385N3800,19/06/2006,"43,580.00",Equipo de Audio e Instrumentos
1,PIANO,YAMAHA MOTIF,,,"20,000.00",Equipo de Audio e Instrumentos
1,PIANO,KURZWEIL,,,"30,000.00",Equipo de Audio e Instrumentos
1,PIANO,NORD SATAGE4-88,ESCENARIO DIGITAL Y SINTETIZADOR SKU 834035001677,03/01/2024,"157,000.00",Equipo de Audio e Instrumentos
1,POR DE BONGOES,MATADOR,,,"5,000.00",Equipo de Audio e Instrumentos
1,POWER,GXTi 4000,CROWN,24/07/2008,"20,700.00",Equipo de Audio e Instrumentos
1,POWER,QSC/MX2000A,100002881.0,,"5,000.00",Equipo de Audio e Instrumentos
1,POWER,PEAVEY CS1000,,,"5,000.00",Equipo de Audio e Instrumentos
1,POWER,PEAVEY,,,"3,000.00",Equipo de Audio e Instrumentos
4,POWER,QSC 400,,01/03/2005,"14,666.00",Equipo de Audio e Instrumentos
1,POWER 1680 WATTS,XLS6026,,,"9,500.00",Equipo de Audio e Instrumentos
1,PROCESADOR,ALESIS/MIDIVERB 4,,,"5,000.00",Equipo de Audio e Instrumentos
1,PROCESADOR,BEHRINGER/MULTICOMPRO,1946622.0,,"6,500.00",Equipo de Audio e Instrumentos
1,PROCESADOR DE FEED BACK SHURE,,,31/12/2022,"11,127.51",Equipo de Audio e Instrumentos
1,PROCESADOR EFE 70099,ALESIS/MICROVERB 4,,,"6,000.00",Equipo de Audio e Instrumentos
1,PROTECTOR DE EQUIPO,FURMAN 1800,RI-08651,02/08/2023,"54,492.04",Equipo de Audio e Instrumentos
1,RACK STAND,GIBRALTAR,,,"6,000.00",Equipo de Audio e Instrumentos
1,RECEPTOR INALAMBRICO SHURE,DD54-P3RA-G20,,25/01/2023,"12,180.01",Equipo de Audio e Instrumentos
1,"RECEPTOR INALAMBRICO SHURE AD4Q DE 4 CANALES, 2 MICROFONOS","SHURE ADX2/SM58, 2 CAPSULAS DE SONIDO KSM11 PARA MIC INALA",,31/10/2022,"484,781.35",Equipo de Audio e Instrumentos
1,RECEPTOR PARA MONITOR INALAMBRICO SHURE,,,30/09/2022,"12,180.00",Equipo de Audio e Instrumentos
1,REDOBLANTE PARA BATERIA,YAMAHA,,23/12/2024,"16,238.59",Equipo de Audio e Instrumentos
2,REFLECTORES 18 LED 8 W,,,31/08/2022,"7,990.20",Equipo de Audio e Instrumentos
1,ROUTER RB4011 PARA INTERNET,,,28/02/2021,"5,721.25",Equipo de Audio e Instrumentos
1,SAX ALTO C/ESTUCHE,,,30/04/2009,"6,000.00",Equipo de Audio e Instrumentos
1,SAX SOPRANO C/ESTUCHE,SELMAR,,30/04/2004,"5,000.00",Equipo de Audio e Instrumentos
1,SHOFAR,,,30/04/2004,"1,800.00",Equipo de Audio e Instrumentos
1,SISTEMA DISTRIBUDOR DE ANTENA POWER,SHURE,"UA844+SWB
Serie 2CJ17534580",06/11/2024,"18,577.33",Equipo de Audio e Instrumentos
1,SISTEMA PORTATIL INALAMBRICO,0054-QLXD14/SM35-G50,,07/07/2023,"32,141.81",Equipo de Audio e Instrumentos
1,SWITCH 24 PUERTOS GIGABIT,JGS524,,03/04/2023,"4,422.96",Equipo de Audio e Instrumentos
1,TARJETA EXPANSIVA,8 CANALES YAMAHA,,31/03/2016,"6,474.78",Equipo de Audio e Instrumentos
1,TECLADO YAMAHA MODX8,,,31/07/2019,"48,592.80",Equipo de Audio e Instrumentos
1,TECLADO YAMAHA PARA SALON DE USOS MULTIPLES PLANTA ALTA,,,31/01/2020,"10,500.00",Equipo de Audio e Instrumentos
1,TRANSMISOR TERADEK BOLT XT 500,,,31/07/2019,"58,774.12",Equipo de Audio e Instrumentos
1,TRANSMISOR WIFI DE VIDEO,HOLLYLAND PYRO S WIRLS VIDEOTRANSMISION SYS,Serie #24A23322CJJ,30/04/2025,"12,448.71",Equipo de Audio e Instrumentos
1,TRANSMISOR Y RECEPTOR ($699.00),HOLLYLAND PYRO S WIRLS VIDEOTRANSMISION SYS,#23H23323ELK,10/06/2024,"17,297.17",Equipo de Audio e Instrumentos
1,TRIPODE MANFROTO KIT DE 3 LUCES PARA PLATAFORMA,IKAN,,29/01/2025,"20,500.00",Equipo de Audio e Instrumentos
1,TRIPODE P/COMPUTADORA PORTATIL SAMSUMG,SAMSUNG MOD LT550,,04/11/2025,"3,379.01",Equipo de Audio e Instrumentos
1,UH25 PRO-SILVER $110 COMPRA DE DISCO 2TB $213.99,,,31/01/2022,"7,941.04",Equipo de Audio e Instrumentos
1,UPS 1000 VA 120 V 6 SALIDAS APC PARA EQUIPO SALON DE USOS MULTIPLES,,,31/01/2020,"2,645.00",Equipo de Audio e Instrumentos
1,UPS PARA CONSOLA DE SONIDO,,,29/02/2020,"2,794.50",Equipo de Audio e Instrumentos
1,VHS SONNY,SLV.N700,3C.0365128,30/04/2011,"2,000.00",Equipo de Audio e Instrumentos
1,VIOLIN ELECTRICO,YAMAHA SV/130/SV130S,18143.0,31/05/2016,"17,092.50",Equipo de Audio e Instrumentos
1,AMASADORA ESPIRAL 13KG HD-20,MCA ECOPAN 110V,109561.0,23/11/2022,"47,984.84",Equipos Diversos
1,ARMARIO BOTIQUIN DE ACERO INOXIDABLE,,,29/11/2024,"20,000.00",Equipos Diversos
16,AURICULARES WALKIES TALKIES 666S / 777S,RADIOS RECARGABLES,con microfono de 2 pines,05/03/2025,"5,667.92",Equipos Diversos
1,BANCO PARA AMASADORA,,,28/11/2022,700.00,Equipos Diversos
1,BIOMBO DE TRES PANELES | PARA DIVISION EN ENFERMERIA,PORTATIL,,22/02/2025,"5,640.52",Equipos Diversos
1,CAMARA DE SEGURIDAD BULLET IPDAHUA FULL COLOR,,,05/06/2025,"2,012.50",Equipos Diversos
2,CAMARA DE SEGURIDAD DOMO IP DAHUA FULL COLOR,,,05/06/2025,"3,680.00",Equipos Diversos
1,CAMARA FOTOGRAFICA CON ACCESORIOS R 24-105 MM LENS,CANON DS126721,362029000153.0,03/06/2025,"42,383.22",Equipos Diversos
2,"CAMARA TIPO DOMO 1080P, 2MP",DAHUA,HDW1200TLMQN,13/04/2022,"1,127.00",Equipos Diversos
2,CAMARA TIPO DOMO 4MP,DAHUA,DH-HAC-T1A41N,19/04/2022,"1,584.27",Equipos Diversos
2,CAMARA TIPO DOMO 4MP MET.,DAHUA,7J0701APAGB73B2/7J0701APAG3B1A7,05/05/2022,"3,680.00",Equipos Diversos
2,CAMARA TIPO DOMO 5MP,DAHUA,DH-HAC-T1A51N,19/04/2022,"1,665.10",Equipos Diversos
4,"CAMARA TURBO HD 1080P, 2MP",HIKVISION,DS-2CE16D0T-1RF,13/04/2022,"2,438.00",Equipos Diversos
3,"CAMARA TURBO HD 1080P, 2MP",HIKVISION,DS-2CE16D0T-1RF,19/04/2022,"2,667.39",Equipos Diversos
2,CAMARAS 2.8MM 1080 FULL COLOR,BULLET DAHUA,7L050225PAN/379E3/E6C93,03/05/2022,"2,645.00",Equipos Diversos
1,CARRETA DE MANO,,,03/09/2024,"5,399.90",Equipos Diversos
2,CARRITO PARA REPARTIR COMIDA,,,30/04/2023,"29,800.00",Equipos Diversos
1,CHALECO DE SOPORTE RONIN RS3 PRO,ERGONOMICO,,30/04/2025,"3,299.32",Equipos Diversos
1,CREPERA PARA USO DE LA CAFETERIA,,,13/09/2023,"8,636.92",Equipos Diversos
1,DESFIBRADOR EXTERNO AUTOMATICO Y CAJA DE CPR-D-padz LOT 1021F (2026-06-06),AED PLUS,(01) 00847946 00215 2 (21) X151784291,09/11/2023,"60,999.92",Equipos Diversos
1,DISCO DURO PARA CAMARAS DE SEGURIDAD,,,05/06/2025,"7,820.00",Equipos Diversos
1,DVR 48 CANALES PARA CAMARA DE SEGURIDAD,,,05/06/2025,"12,420.00",Equipos Diversos
1,DVR 4K 16 CH P/CAMARA,WIZSENSE,DH-XVR5116HE-4K6-I2,13/04/2022,"-14,329.00",Equipos Diversos
1,ESCALERA D/TIJERA DOBLE FIBRA VIDRIO,CUPRUM TIPO A 10 PIES,SXL3131-10,31/05/2025,"10,798.50",Equipos Diversos
1,ESCALERA D/TIJERA FIBRA VIDRIO,LOUISVILLE TIPO A 6 PIES,SXLL3212-06,31/05/2025,"2,566.45",Equipos Diversos
1,ESMERILADORA ANGULAR 9557 HP| 120V   7.5A,MAKITA,Color verde con negro,15/12/2025,"1,895.54",Equipos Diversos
1,ESTRUCTURA DE METAL PARA BANNER,,,03/09/2024,"3,700.00",Equipos Diversos
2,ESTUFA CON HORNO DE 6 QUEMADORES,MIGALI,220092009/220092006,22/11/2022,"116,734.30",Equipos Diversos
1,ESTUFA ELECTRICA DOBLE BUFFET (2 QUEMADORES),BLACK + DECKER,MODELO DB1002B,30/12/2025,840.15,Equipos Diversos
1,EXTRACTOR DE JUGO INDUSTRIAL,SANTOS,,28/04/2023,"8,636.92",Equipos Diversos
1,FLASH NEEWER Q4 400 Ws 2.4G TTL PARA CAMARA FOTOGRAFICA,,,06/06/2025,"17,368.83",Equipos Diversos
1,FREEZER 25 FT,FRIGIDAIRE,,12/04/2025,"20,780.87",Equipos Diversos
1,GAVIENETE DE PARED DE METAL Y VIDRIO PARA CAMARAS,DE SEGURIDAD,,05/06/2025,"3,478.75",Equipos Diversos
1,HIELERA,,413367.0,31/03/2023,"3,999.95",Equipos Diversos
1,LENTE PARA CAMARA FOTOGRAFICA CANON RF 70-200mm,CANON,,15/01/2026,"31,861.93",Equipos Diversos
1,LENTE PARA CAMARA FOTOGRAFICA EF 50MM,CANON,,19/07/2025,"5,422.82",Equipos Diversos
1,LICUADORA INDUSTRIAL,MCA INTERNAC.,51891 / 82124,23/11/2022,"23,343.94",Equipos Diversos
1,LICUADORA PROFESIONAL,OMNIBLEND,TM-767 50882995,23/11/2022,"8,429.76",Equipos Diversos
1,MESA DE ACERO INOXIDABLE CON GAVETA,USO CAFETERIA,,26/12/2024,"13,500.00",Equipos Diversos
1,MESA DE COCINA,,,30/11/2022,"19,949.01",Equipos Diversos
2,MESA DE COCINA ACERO (SE COMPRARON LOS MATERIALES),,,30/06/2023,"8,394.41",Equipos Diversos
2,MESA DE TRABAJO CON EBTREPAÑO,ALMIJAR,48``X30``X35,25/11/2022,"30,325.04",Equipos Diversos
1,MESA METALICA PARA CAFETERIA,CON UNA GAVETA  38´´ X 18 1/2 DE ANCHO CON RODOS,,21/11/2024,"3,699.95",Equipos Diversos
1,MESA METALICA PARA CAFETERIA 24X60 32 ALTO,,,06/11/2025,"4,997.00",Equipos Diversos
2,MICROONDAS DIGITAL,WHIRPOOL,"7501545588051
7501545604201",28/06/2025,"5,422.82",Equipos Diversos
2,MICROONDAS DIGITAL,FRIGIDAIRE,"Serie 52470023
No. FMD020S3GSPG",19/10/2025,"2,266.11",Equipos Diversos
1,OFTALMOLOSCOPIO HALOGENO #8600 / 1 LAMPARA DE EXAMINACION DELUXE ABN,"07-08600
PL-900-212",,21/05/2024,"5,530.68",Equipos Diversos
1,ORGANIZADOR PLASTICO PARA ENFERMERIA,,,16/04/2025,"1,149.95",Equipos Diversos
1,PANELES SOLARES DE GENERACIÓN ELECTRICA 450W,,,15/07/2023,"270,358.64",Equipos Diversos
2,PICADORAS DE VEGETALES ACERO INOXIDABLE,,,24/05/2023,"8,684.74",Equipos Diversos
1,PISTOLA DE CALOR 120V | 2000w  | HG6530V,MAKITA Con caja plastica color verde,Color verde con negro,15/12/2025,"3,743.25",Equipos Diversos
1,PLANCHA DE 48 PULGADAS DE ANCHO,,G48USB100321082100920037,29/11/2022,"38,180.86",Equipos Diversos
1,PLANCHA VAPOR,,7782.0,31/03/2023,"2,499.95",Equipos Diversos
1,SUMADORA DIGITAL,CANON,,12/02/2025,"4,234.56",Equipos Diversos
1,TALADRO | 2-Tool Combo Kit,"BLACK + DECKER
20v Lithium ION | Con bateria y cargador",Color negro con Naranja,02/11/2025,"2,399.95",Equipos Diversos
1,VENTILADOR DE TECHO,KDK,COLOR CAFÉ CON DORADO,30/12/2025,"2,708.44",Equipos Diversos
16,VIDEO BALUN RJ45 TURBO,GENERICO,FS-HD4301VP,30/04/2022,"8,510.00",Equipos Diversos
24,WALKIES TALKIES 666S / 777S,RADIOS RECARGABLES,,12/09/2024,"6,553.00",Equipos Diversos
1,CAMBIO DE LAMINAS DE ALUZINC Y SISTEMA ELECTRICO A AULA DE ESC BIBLICA PLANTA ALTA,,,30/06/2019,"386,701.96",Mejoras a Edificios
1,CANAL DE AGUAS LLUVIAS,,,31/05/2010,"28,601.00",Mejoras a Edificios
1,COMPRA DE MATERIALES Y MANO DE OBRA REPARACION DE TECHO DEL TEMPLO,,,23/01/2024,"25,000.00",Mejoras a Edificios
1,CONSTRUCCION CAFETERIA,,,31/12/2017,"729,488.15",Mejoras a Edificios
1,CONSTRUCCION DE HIERRO Y CEMENTO,CERCO-GALERA Y ACERA,,31/12/2008,"241,945.50",Mejoras a Edificios
1,CONSTRUCCION DE SANITARIOS,,,31/12/2017,"145,566.37",Mejoras a Edificios
1,ELABORACION DE ESRTUCTURA METALICA PARA CONDENSADORES,,,14/02/2024,"43,478.27",Mejoras a Edificios
1,INSTALACION DE 6 SUPRESORES DE PICO SQD,,,18/05/2024,"44,150.00",Mejoras a Edificios
1,LAMINA DE CLANEO SMART PARA ESCENARIO,"DE 10, 1200 Y 2400",,26/09/2024,"6,206.17",Mejoras a Edificios
10,LAMINAS DE CLANEO SMART PARA ESCENARIO,"DE 10, 1200 Y 2400 Helltgrau",,16/04/2024,"62,051.13",Mejoras a Edificios
32,LAMINAS DE CLANEO SMART PARA ESCENARIO,"DE 10, 1200 Y 2400",,12/09/2024,"200,430.06",Mejoras a Edificios
1,MANO DE OBRA PONER TABLA YESO VANTANAS TEMPLO,,,27/03/2024,"19,219.75",Mejoras a Edificios
1,MANO DE OBRA POR INSTALACIÓN DE LAMINAS DE CLANEO SMART PARA ESCENARIO,,,20/09/2024,"23,901.00",Mejoras a Edificios
1,MANO DE OBRA REPAR TECHO TEMPLO,,,22/03/2024,"15,000.00",Mejoras a Edificios
1,MANTENIMIENTO DE ILUMINACION DE PARQUEO,Una Lampara LED y tubo metálico,,25/01/2024,"18,912.79",Mejoras a Edificios
1,MANTENIMIENTO UPS PARA ENERGIA SOLAR,UPS 6KV  24OV ONLINE,,27/01/2024,"5,500.00",Mejoras a Edificios
1,MATERIALES E INSTALACION DE LAMINAS DE ALUZINC Y AISLANTE EN SALON PRINCIPAL,,,30/06/2019,"379,467.87",Mejoras a Edificios
1,MATERIALES PARA ESTRUCTURA METALICA CONDENSADOR TECH CENTER,,,14/03/2024,"130,464.45",Mejoras a Edificios
2,PUERTAS DE VIDRIO ABATIBLES,SALIDA AL PARQUEO,,31/01/2015,"7,000.00",Mejoras a Edificios
1,REMODELACION,CONSTRUCCION DE BODEGA,,31/12/2014,"79,361.42",Mejoras a Edificios
1,REMODELACION,CONSTRUCCION DE BODEGA No.,,30/04/2015,"36,458.90",Mejoras a Edificios
1,REMODELACION,CONSTRUCCION P/CLINICA,,31/08/2015,"55,521.40",Mejoras a Edificios
1,REMODELACION,CAMBIO DE TECHO,,9/31/2015,"164,337.59",Mejoras a Edificios
1,"SISTEMA ELECTRICO, CIELO FALSO, CABINA DE SONIDO Y MULTIMEDIA",,,31/12/2018,"1,875,380.91",Mejoras a Edificios
