IdQr,DescripcionCorta	,Cantidad,EsConsumible,Area,CuentaAct	,Origen,Lote,Fecha ingreso
PF-000019,Bonita,6,SI,,Flores importadas,Guatemala,19711,19/08/2026
PF-000051,Esperance,2,SI,,Flores importadas,Guatemala,19711,19/08/2026
PF-000017,Geraldine,6,SI,,Flores importadas,Guatemala,19711,19/08/2026
PF-000013,Pink Floyd,4,SI,,Flores importadas,Guatemala,19711,19/08/2026
PF-000063,Pink Panther,2,SI,,Flores importadas,Guatemala,19711,19/08/2026
PF-000029,Quick Sand,3,SI,,Flores importadas,Guatemala,19711,19/08/2026
PF-000007,Surtido,10,SI,,Flores importadas,Guatemala,19711,19/08/2026
PF-000021,Anjelika,4,SI,,Flores importadas,Guatemala,19711,19/08/2026
PF-000027,Confidence,1,SI,,Flores importadas,Guatemala,19711,19/08/2026
PF-000053,Cool Water,1,SI,,Flores importadas,Guatemala,19711,19/08/2026
PF-000025,Deep Purple,2,SI,,Flores importadas,Guatemala,19711,19/08/2026
PF-000009,Exotic,2,SI,,Flores importadas,Guatemala,19711,19/08/2026
PF-000023,High & Yellow,1,SI,,Flores importadas,Guatemala,19711,19/08/2026
PF-000018,Mohana,1,SI,,Flores importadas,Guatemala,19711,19/08/2026
PF-000065,Mondial,3,SI,,Flores importadas,Guatemala,19711,19/08/2026
PF-000016,Opala,7,SI,,Flores importadas,Guatemala,19711,19/08/2026
PF-000022,Purple Haze,4,SI,,Flores importadas,Guatemala,19711,19/08/2026
PF-000043,Stunning,1,SI,,Flores importadas,Guatemala,19711,19/08/2026
PF-000012,Titanic,1,SI,,Flores importadas,Guatemala,19711,19/08/2026
PF-000011,Blue Mate,1,SI,,Flores importadas,Guatemala,19711,19/08/2026
PF-000010,Blush,1,SI,,Flores importadas,Guatemala,19711,19/08/2026
PF-000052,Magic Time,1,SI,,Flores importadas,Guatemala,19711,19/08/2026
PF-000028,Rosita Vendela,3,SI,,Flores importadas,Guatemala,19711,19/08/2026
PF-000208,Vendela,13,SI,,Flores importadas,Guatemala,19711,19/08/2026
PF-000005,Freedom,50,SI,,Flores importadas,Guatemala,19711,19/08/2026
PF-000170,Erul Grande,2,SI,,Flores importadas,Guatemala,19711,19/08/2026
PF-000068,Baby Guatemala,25,SI,,Flores importadas,Guatemala,19711,19/08/2026
PF-000105,Dusty Miller,3,SI,,,,,19/08/2026
PF-000100,"Hortensia Guatemala Colores",8,SI,,Flores importadas,Guatemala,19711,19/08/2026