id_legado_monica,codigo_legado_monica,nombre,rtn,direccion,ciudad,pais,telefono,email,categoria_id_legado,balance_actual,credito_maximo,descuento_pct,interes_anual_pct,condicion_pago_id_legado,tipo_empresa_legado,fecha_creacion,ultima_transac_monto,ultima_transac_fecha,ultima_transac_desc
71,1,"LA OCCIDENTAL, S.A. DE C.V.",04019008175338,"Bo. el centro 1/2 cuadra abajo de la iglesia catolica,",Santa Rita De Copan,Honduras,25567016,,72,275585.01,500000.0,0.0,0.0,138,J,2024-05-22,4850.0,2026-08-28,Venta: Facturas 0000003018
72,2,DISTRIBUIDORA OCCIDENTAL,04019008175338,LA ENTRADA COPAN,,Honduras,,,69,701480.0,200000.0,0.0,0.0,135,,2024-06-04,300000.0,2026-05-08,Nota Credito:
1072,3,IMPORTADORA MANA,04019019153572,"SANTA ROSA, COPAN",,Honduras,,,69,2265671.01,50000.0,0.0,0.0,135,,2024-06-07,2420.0,2026-08-28,Venta: Facturas 0000003019
1073,4,UNIVERSIDAD TECNOLOGICA DE HONDURAS UTH,0501-9001-052029,"San Pedro Sula, Cortes",,Honduras,,,69,0.0,0.0,0.0,0.0,135,2,2024-06-07,0.0,1990-01-01,
2073; 4075,5; 9,INVERSIONES RIVERA,0408-1986-001595,"GRACIAS, LEMPIRA",,Honduras,,,69,632220.0,100000.0,0.0,0.0,135,,2024-06-10,48730.0,2026-02-14,Venta: Facturas 0000002410
3073,6,SERVIMAS KYD,0209-1981-024304,"TOCOA, COLON",,Honduras,,,69,822480.0,80000.0,0.0,0.0,135,,2024-06-10,6570.0,2026-08-29,Venta: Facturas 0000003024
4073,7,BIANKA FLOWER,0209-1986-020858,"TOCOA, COLON",,Honduras,,,69,13190.0,10000.0,0.0,0.0,135,,2024-06-23,4080.0,2025-09-01,Venta: Facturas 0000002099
4074,8,ADORNOS EL JAZMIN,0209-1964-003453,"TOCOA, COLON",,Honduras,,,69,73110.0,25000.0,0.0,0.0,135,,2024-06-24,2950.0,2026-06-28,Venta: Facturas 0000002647
4076,10,DE COLORES FLORES Y MOMENTOS,0510-1985-017654,"PE?A BLANCA, CORTES",,Honduras,,,69,22324.5,150000.0,0.0,0.0,135,,2024-06-26,5324.5,2024-09-19,Venta: Facturas 0000001214
4077,11,KELY YAJAIRA AGUILAR ESCALANTE,0409-1992-008240,"GRACIAS, LEMPIRA",,Honduras,,,69,3090.0,0.0,0.0,0.0,135,2,2024-06-30,3090.0,2024-06-30,Venta: Facturas 0000001020
4078,12,"ENFOQUE S. DE R, L.",0801-1912-243375,"ROATAN, ISLAS DE LA BAHIA",,Honduras,,,69,572565.25,50000.0,0.0,0.0,135,,2024-07-02,1472.0,2026-06-09,Venta: Facturas 0000002605
4079,13,DILO CON FLORES,14151981003495,"SANTA ROSA, COPAN",,Honduras,,,69,213537.5,20000.0,0.0,0.0,135,,2024-07-02,1390.0,2026-07-31,Venta: Facturas 0000002703
4080,14,FLORISTERIA PRIMAVERA,18041956001380,"EL PROGRESO, YORO",,Honduras,,,69,321860.0,1500000.0,0.0,0.0,135,,2024-07-03,2150.0,2026-06-30,Venta: Facturas 0000002650
4081,15,SUPERMERCADO LA ECONOMICA S.A. DE C.V.,0501-9014-690321,"BO. GUAMILITO, 9 CALLE, 6 AVE NO, SAN PEDRO SULA",,Honduras,,,69,3105.0,250000.0,0.0,0.0,135,2,2024-07-04,3105.0,2024-07-04,Venta: Facturas 0000001028
4082,16,DANIA GISSELL DUBON DUBON,04081987001359,DULCE NOMBRE COPAN,,Honduras,,,69,459020.0,22.0,0.0,0.0,135,,2024-07-17,3890.0,2026-08-28,Venta: Facturas 0000003021
4083,17,LEFRUITT FLOWER & BALLOON,04131992006938,LA ENTRADA COPAN,,Honduras,,,69,340380.0,0.0,0.0,0.0,135,,2024-07-17,4400.0,2026-02-03,Venta: Facturas 0000002387
4084,18,INVERSIONES FUENTES DUBON,04051990000064,LA ENTRADA COPAN,,Honduras,,,69,129200.0,0.0,0.0,0.0,135,,2024-07-17,1620.0,2025-08-18,Venta: Facturas 0000001999
4085,19,TREAST BOUTIQUE,0501-1983-059272,"SAN PEDRO SULA, CORTES",,Honduras,,,69,250.0,0.0,0.0,0.0,135,2,2024-07-19,250.0,2024-07-19,Venta: Facturas 0000001062
4086,20,VARIEDADES MYA,1409-1977-000103,"OCOTEPEQUE, OCOTEPEQUE",,Honduras,,,69,129432.0,25000.0,0.0,0.0,135,,2024-07-30,4660.0,2026-08-30,Venta: Facturas 0000003025
4087,21,FLORARTE,18041971009030,"PROGRESO, YORO",Progreso,Honduras,32605218,,73,215513.5,0.0,0.0,0.0,135,,2024-07-31,2403.5,2025-08-18,Venta: Facturas 0000001971
4088,22,FLORISTERIA FIORE,04011983000090,SANTA ROSA DE COPAN,Santa Rosa C,Honduras,,,69,524135.0,20.0,0.0,0.0,135,2,2024-08-01,16130.0,2026-05-13,Venta: Facturas 0000002555
4089,23,IGLESIA CRISTIANA RESTAURADA,10129012525823,SANTA ROSA DE COPAN,,Honduras,,,69,5690.0,100.0,0.0,0.0,135,,2024-08-08,2000.0,2025-01-07,Venta: Facturas 0000001474
5089,24,RAQUEL DIAZ,,"LA ESPERANZA, INTIBUCA",,Honduras,,,69,700.0,0.0,0.0,0.0,135,2,2024-08-23,700.0,2024-08-22,Venta: Facturas 0000001146
5090,25,KE BONITO,1001-2003-002676,"LA ESPERANZA, INTIBUCA",,Honduras,,,69,273110.0,1000000.0,0.0,0.0,135,,2024-08-23,7815.0,2025-09-01,Venta: Facturas 0000002102
5091,26,HOTEL LATITUD 15,08019011403664,S.P.S,Sps,Honduras,,,69,2484.0,0.0,0.0,0.0,135,2,2024-08-25,2484.0,2024-08-25,Venta: Facturas 0000001154
5092,27,ASOCIACION PRO OBRAS SALESIANAS,0501-9019-186387,"SAN PEDRO SULA, CORTES",,Honduras,,,69,148000.0,50000.0,0.0,0.0,135,,2024-08-29,50000.0,2024-09-19,Venta: Facturas 0000001215
5093,28,INVERSIONES Y VARIEDADES BERACA S. DE R. L.,05019021343875,"CHOLOMA, CORTES",,Honduras,,,69,107950.0,100000.0,0.0,0.0,135,,2024-08-31,15000.0,2026-08-31,Venta: Facturas 0000003031
5094,29,ESTHER PADILLA,,"COMAYAGUA, COMAYAGUA",,Honduras,,,69,4100.0,100000.0,0.0,0.0,135,2,2024-09-04,4100.0,2024-09-04,Venta: Facturas 0000001187
5095,30,DR. JORGE LOPEZ,08011967006495,,,Honduras,99691933,,69,5530.0,0.0,0.0,0.0,135,2,2024-10-12,850.0,2025-03-02,Venta: Facturas 0000001589
5096,31,LA PLACITA SUSY,0823-9012-521590,"TEGUCIGALPA, FRANCISCO MORAZAN",,Honduras,,,69,2967.0,100000.0,0.0,0.0,135,,2024-11-06,2967.0,2024-11-06,Venta: Facturas 0000001320
5097,32,LETICIA BU,,"SAN PEDRO SULA, HONDURAS",,Honduras,,,69,600.0,0.0,0.0,0.0,135,2,2024-11-27,600.0,2024-11-27,Venta: Facturas 0000001353
5098,33,ROSE FLORISTERIA HN,16231997000998,"SAN PEDRO SULA, CORTES",,Honduras,,,69,12830.0,15000.0,0.0,0.0,135,2,2024-12-01,6320.0,2025-05-31,Venta: Facturas 0000001781
5099,34,HONDUAMERICAN CARGO CUSTOM & LOGISTICS,05019009223201,"SAN PEDRO SULA, CORTES",,Honduras,,,69,17371.5,10000.0,0.0,0.0,135,2,2024-12-04,650.0,2026-08-20,Venta: Facturas 0000002737
5100,35,ALTIUS ACADEMY S.A. DE C.V.,05019024634430,"SAN PEDRO SULA, CORTES",,Honduras,,,69,840.0,0.0,0.0,0.0,135,2,2024-12-07,840.0,2024-12-07,Venta: Facturas 0000001388
5101,36,FLORES GLOBOS Y MAS,18041992000898,,"Progreso, Yoro",Honduras,31815521,,69,114671.5,0.0,0.0,0.0,135,2,2024-12-30,5635.0,2026-03-31,Venta: Facturas 0000002494
5102,37,INVERSIONES MORENO BLANCO DECORACIONES DE HONDURAS SD RL D.C.B,18049024103120,,,Honduras,96326165,,69,434726.5,0.0,0.0,0.0,135,2,2024-12-30,7400.0,2026-08-31,Venta: Facturas 0000003030
5103,38,D&D EXPORTA,05019017940228,SAN PEDRO SULA,,Honduras,,,69,1250.0,0.0,0.0,0.0,135,2,2025-01-04,1250.0,2025-01-04,Venta: Facturas 0000001449
5104,39,CAMARA JUNIOR DE SAN PEDRO SULA,0801-9014-651010,"SAN PEDRO SULA, CORTES",,Honduras,,,69,7459.25,1500.0,0.0,0.0,135,2,2025-01-15,3565.0,2025-06-17,Venta: Facturas 0000001804
5105,40,INVERSIONES E&S,0501-1975-046928,"LA CEIBA, ATLANTIDA",,Honduras,,,69,3920.0,0.0,0.0,0.0,135,2,2025-01-19,3920.0,2025-01-19,Venta: Facturas 0000001475
5106,41,VARIEDADES MUNDO CHIC S.DE R.L. DE C.V,05069024054327,PUERTO CORTES,Cortes,Honduras,32958273,,69,1450.0,0.0,0.0,0.0,135,2,2025-01-21,310.0,2025-01-30,Venta: Facturas 0000001505
5107,42,RUSTICO 1607 S. DE R.L DE C.V,05019023562995,,Sps,Honduras,32233756,,69,414.0,0.0,0.0,0.0,135,2,2025-01-25,414.0,2025-01-25,Venta: Facturas 0000001489
5108,43,FLORISTERIA ANY,05011986057135,14 calle 9 avenida barro santa ana SPS,Sps,Honduras,99953259,,69,111030.0,0.0,0.0,0.0,135,2,2025-02-01,10000.0,2025-09-26,Venta: Facturas 0000002147
5109,44,TRADICIONES,16091972000043,,Sps,Honduras,,,69,1810.0,0.0,0.0,0.0,135,2,2025-02-06,1810.0,2025-02-06,Venta: Facturas 0000001534
6109,45,PARTY HOUSE,0501-9013-563160,"SAN PEDRO SULA, CORTES",,Honduras,,,69,1860.0,0.0,0.0,0.0,135,2,2025-02-07,1860.0,2025-02-07,Venta: Facturas 0000001536
7109,46,"HERNANDEZ PETROLEUM INVESTMENT S. DE R.L,",0501-9018-075143,,,Honduras,,,69,1950.0,0.0,0.0,0.0,135,2,2025-02-11,1950.0,2025-02-11,Venta: Facturas 0000001542
8109,47,VARIEDADES MUNDO CHIC,0506-9024-054327,"SAN PEDRO SULA, CORTES",,Honduras,,,69,0.0,0.0,0.0,0.0,135,2,2025-02-11,0.0,1990-01-01,
8110,48,EMA MEDRANO,,,,Honduras,,,69,7550.0,0.0,0.0,0.0,135,2,2025-02-16,2600.0,2025-03-10,Venta: Facturas 0000001611
9110,49,FUNADEH,0501-9995-147275,,,Honduras,,,69,1800.0,0.0,0.0,0.0,135,2,2025-03-05,1000.0,2025-11-24,Venta: Facturas 0000002211
9111,50,COOPERATIVO MIXTA SOLFAHSA LIMITADA,05019006477591,SPS,Sps,Honduras,,,69,7700.0,0.0,0.0,0.0,135,2,2025-03-28,4200.0,2025-05-09,Venta: Facturas 0000001731
9112,51,TIENDAS CARRION S.A DE C.V.,01019000044799,SPS,Sps,Honduras,33017122,,69,3080.0,0.0,0.0,0.0,135,2,2025-03-31,3080.0,2025-03-31,Venta: Facturas 0000001645
9113,52,INVERSIONES FLOAV S,05019024066066,PROGRESO,Progreso,Honduras,99491938,,69,730.0,0.0,0.0,0.0,135,2,2025-03-31,730.0,2025-03-29,Venta: Facturas 0000001656
9114; 12217,53; 167,RESTAURANTE EL MANZANO,05011974066365,SPS,Sps,Honduras,,,69,4793.4,0.0,0.0,0.0,135,2,2025-04-09,1092.5,2026-05-10,Venta: Facturas 0000002547
9115,54,FLORISTERIA FLORES DE MARIA,01011961015316,,,Honduras,,,69,2380.0,0.0,0.0,0.0,135,2,2025-04-16,2380.0,2025-04-16,Venta: Facturas 0000001679
9116,55,CHINA EXPRES,05019016845992,Col. Santa Rosa de san pedro 8 calle 10 ave,San Pedro Sula,Honduras,87334744,,69,300.0,0.0,0.0,0.0,135,2,2025-04-30,300.0,2025-04-30,Venta: Facturas 0000001696
9117; 14240,56; 194,"PUBLICISTAS, S.A.",08019999401919,San Pedro Sula,Sps,Honduras,,,69,28985.0,0.0,0.0,0.0,135,2,2025-05-13,1350.0,2026-05-21,Venta: Facturas 0000002569
9118,57,INVERSIONES LEVI S. DE R.L. DE C.V.,05019021312140,,,Honduras,,,69,2420.0,0.0,0.0,0.0,135,2,2025-06-20,2420.0,2025-06-20,Venta: Facturas 0000001814
9119,58,SOLINSA,05011989060664,,,Honduras,,,69,436535.87,0.0,0.0,0.0,135,2,2025-06-23,93710.0,2026-08-26,Venta: Facturas 0000003015
9120,59,FLORISTERIA REGALOS Y MAS LA CHINITA,05011995025058,BARRIO GUAMILITO 8 AVENIDA ENTRE 6 Y 7 CALLE SPS,Sps,Honduras,88560517,,69,15375.5,0.0,0.0,0.0,135,2,2025-07-11,2748.5,2025-09-26,Venta: Facturas 0000002146
9121,60,FLORISTERIA IRIS,,"BARRIO GUAMILITO, SPS",San Pedro Sula,Honduras,,,69,1050.0,0.0,0.0,0.0,135,2,2025-07-13,1050.0,2025-07-13,Venta: Facturas 0000001865
9122,61,IGLESIA EVANGELICA MINISTERIO THEOS,05019999182603,,,Honduras,,,69,1010.0,0.0,0.0,0.0,135,2,2025-07-24,1010.0,2025-07-23,Venta: Facturas 0000001883
9123,62,VICTORIA HANDAL,,SPS,,Honduras,,,69,1250.0,0.0,0.0,0.0,135,2,2025-08-07,1250.0,2025-08-25,Venta: Facturas 0000002047
9124,63,VARIEDADES LA BENDICION,,MARCALA LA PAZ,,Honduras,,,69,11180.0,0.0,0.0,0.0,135,2,2025-08-17,2330.0,2025-09-05,Venta: Facturas 0000002119
9125,64,ANA PACHECO,,CORQUIN COPAN,,Honduras,,,69,21320.0,0.0,0.0,0.0,135,2,2025-08-17,8130.0,2026-01-10,Venta: Facturas 0000002315
9126,65,CONSUMIDOR FINAL,,SAN PEDRO SULA,,Honduras,,,69,2080.0,0.0,0.0,0.0,135,2,2025-08-17,150.0,2025-08-25,Venta: Facturas 0000002048
9127,66,WILMA BOBADILLA,,,,Honduras,,,69,1670.0,0.0,0.0,0.0,135,2,2025-08-17,1670.0,2025-08-16,Venta: Facturas 0000001941
9128,67,DARLING LOPEZ,,MORAZAN YORO,,Honduras,,,69,1960.0,0.0,0.0,0.0,135,2,2025-08-17,1960.0,2025-08-16,Venta: Facturas 0000001942
9129,68,KAREN HERNANDEZ,,LA CEIBA,,Honduras,,,69,4190.0,0.0,0.0,0.0,135,2,2025-08-17,2100.0,2025-08-26,Venta: Facturas 0000002054
9130,69,VANESSA MATUTE,,,,Honduras,,,69,12680.0,0.0,0.0,0.0,135,2,2025-08-17,4360.0,2025-08-31,Venta: Facturas 0000002087
9131,70,BARBARA BONANO,,,,Honduras,,,69,20150.0,0.0,0.0,0.0,135,2,2025-08-17,3850.0,2025-09-03,Venta: Facturas 0000002113
9132,71,INVERMES,,SAN MARCOS OCOTOPEQUE,,Honduras,,,69,12760.0,0.0,0.0,0.0,135,2,2025-08-17,3780.0,2025-08-31,Venta: Facturas 0000002094
9133,72,FABIOLA FLORES,,"SAN PEDRO SULA, CORTES",,Honduras,,,69,1410.0,0.0,0.0,0.0,135,2,2025-08-17,1410.0,2025-08-17,Venta: Facturas 0000001947
9134,73,SEYLIN HERNANDEZ,,"LA ESPERANZA, INTIBUCA",,Honduras,,,69,30240.0,0.0,0.0,0.0,135,2,2025-08-18,8965.0,2026-01-10,Venta: Facturas 0000002313
9135,74,YADIRA LEIVA,,"CUCUYAGUA, COPAN",,Honduras,,,69,3050.0,0.0,0.0,0.0,135,2,2025-08-18,1250.0,2025-08-28,Venta: Facturas 0000002070
9136,75,DANELIA FUENTES,,SANTA ROSA DE COPAN,,Honduras,,,69,1220.0,0.0,0.0,0.0,135,2,2025-08-18,1220.0,2025-08-18,Venta: Facturas 0000001950
9137,76,FLORES DE MIME,,"LA CEIBA, ATLANTIDA",,Honduras,,,69,4270.0,0.0,0.0,0.0,135,2,2025-08-18,1730.0,2025-09-02,Venta: Facturas 0000002106
9138,77,FLORISTERIA D PETALOS,,,,Honduras,,,69,480.0,0.0,0.0,0.0,135,2,2025-08-19,480.0,2025-08-18,Venta: Facturas 0000001953
9139,78,SAYDA MEJIA,,CUCUYAGUA COPAN,,Honduras,,,69,1390.0,0.0,0.0,0.0,135,2,2025-08-19,1390.0,2025-08-19,Venta: Facturas 0000001954
9140,79,EVERYDAY,,ROATAN,,Honduras,,,69,14520.0,0.0,0.0,0.0,135,2,2025-08-19,3200.0,2025-09-22,Venta: Facturas 0000002143
9141,80,MELY,,SAN PEDRO SULA,,Honduras,,,69,1130.0,0.0,0.0,0.0,135,2,2025-08-19,1130.0,2025-08-16,Venta: Facturas 0000001958
9142,81,FANNY,,SAN PEDRO SULA,,Honduras,,,69,6300.0,0.0,0.0,0.0,135,2,2025-08-19,1260.0,2025-08-19,Venta: Facturas 0000001987
9143,82,ANY,,SPS,,Honduras,,,69,0.0,0.0,0.0,0.0,135,2,2025-08-19,0.0,1990-01-01,
9144,83,SUYAPA,,"B, GUAMILITO",,Honduras,,,69,2670.0,0.0,0.0,0.0,135,2,2025-08-19,2420.0,2025-08-19,Venta: Facturas 0000001992
9145,84,AGUACATE HN,,,,Honduras,,,69,1850.0,0.0,0.0,0.0,135,2,2025-08-19,120.0,2025-08-19,Venta: Facturas 0000001991
9146,85,KAREN ALFARO,,MEZAPA ATLANTIDA,,Honduras,,,69,5550.0,0.0,0.0,0.0,135,2,2025-08-19,2480.0,2025-08-18,Venta: Facturas 0000001974
9147,86,JESSICA,,SPS,,Honduras,,,69,1350.0,0.0,0.0,0.0,135,2,2025-08-19,540.0,2025-08-19,Venta: Facturas 0000001989
9148,87,MORENA RESTAURANT,,BONITO ORIENTAL,,Honduras,,,69,1810.0,0.0,0.0,0.0,135,2,2025-08-19,1810.0,2025-08-17,Venta: Facturas 0000001969
9149,88,LESBY HERNANDEZ,,LA ESPERANZA,,Honduras,,,69,4050.0,0.0,0.0,0.0,135,2,2025-08-19,2530.0,2025-09-01,Venta: Facturas 0000002100
9150,89,DAYANA,,PROGRESO,,Honduras,,,69,2360.0,0.0,0.0,0.0,135,2,2025-08-19,2360.0,2025-08-18,Venta: Facturas 0000001972
9151,90,DETALLES GABY,,PROGRESO,,Honduras,,,69,1670.0,0.0,0.0,0.0,135,2,2025-08-19,1670.0,2025-08-18,Venta: Facturas 0000001973
9152,91,ENMA PADILLA,,LA CEIBA,,Honduras,,,69,920.0,0.0,0.0,0.0,135,2,2025-08-19,920.0,2025-08-19,Venta: Facturas 0000001976
9153,92,KAROL PONCE,,PROGRESO,,Honduras,,,69,1280.0,0.0,0.0,0.0,135,2,2025-08-19,1280.0,2025-08-18,Venta: Facturas 0000001977
9154,93,ISAMAR,,PROGRESO,,Honduras,,,69,760.0,0.0,0.0,0.0,135,2,2025-08-19,760.0,2025-08-18,Venta: Facturas 0000001978
9155,94,GOTAS,,PROGRESO,,Honduras,,,69,960.0,0.0,0.0,0.0,135,2,2025-08-19,960.0,2025-08-18,Venta: Facturas 0000001979
9156,95,ALMAA CASANA,,SANTA BARBARA,,Honduras,,,69,2070.0,0.0,0.0,0.0,135,2,2025-08-19,2070.0,2025-08-18,Venta: Facturas 0000001980
9157,96,BERTHA,,San Pedro Sula,,Honduras,,,69,9100.0,0.0,0.0,0.0,135,2,2025-08-20,2860.0,2025-08-19,Venta: Facturas 0000001988
9158,97,CONSUMIDOR FINAL,,SAN PEDRO SULA,,Honduras,,,69,160.0,0.0,0.0,0.0,135,2,2025-08-20,160.0,2025-08-18,Venta: Facturas 0000001986
9159,98,ROSA SARON,,AZACUALPA S BB,,Honduras,,,69,5340.0,0.0,0.0,0.0,135,2,2025-08-20,5340.0,2025-08-18,Venta: Facturas 0000001993
9160,99,YOSSELIN ORDONEZ,,AZACUALPA S B.B,,Honduras,,,69,5260.0,0.0,0.0,0.0,135,2,2025-08-20,5260.0,2025-08-18,Venta: Facturas 0000001994
9161,100,DETALLES Y MAS,,MACUELIZO S B.B,,Honduras,,,69,2830.0,0.0,0.0,0.0,135,2,2025-08-20,2830.0,2025-08-18,Venta: Facturas 0000001995
9162,101,FLORISTERIA YOLANY ANY,,LA ENTRADA COPAN,,Honduras,,,69,17940.0,0.0,0.0,0.0,135,2,2025-08-20,3750.0,2025-08-18,Venta: Facturas 0000001997
9163,102,DIANI ARITA,,LA ENTRADA,,Honduras,,,69,2580.0,0.0,0.0,0.0,135,2,2025-08-20,2580.0,2025-08-18,Venta: Facturas 0000001998
9164,103,DANESY MALDONADO,,LA ENTRADA,,Honduras,,,69,960.0,0.0,0.0,0.0,135,2,2025-08-20,960.0,2025-08-18,Venta: Facturas 0000002000
9165,104,DETALLES YOSSEL,,DULCE N COPAN,,Honduras,,,69,1980.0,0.0,0.0,0.0,135,2,2025-08-20,1980.0,2025-08-18,Venta: Facturas 0000002002
9166,105,ISA COTO,,LA ENTADA COPAN,,Honduras,,,69,1050.0,0.0,0.0,0.0,135,2,2025-08-20,1050.0,2025-08-20,Venta: Facturas 0000002003
9167,106,ALKANA,,LA FLECHA,,Honduras,,,69,810.0,0.0,0.0,0.0,135,2,2025-08-20,810.0,2025-08-18,Venta: Facturas 0000002004
9168,107,MAKEMIDAY,,SANTA ROSA COPAN,,Honduras,,,69,2650.0,0.0,0.0,0.0,135,2,2025-08-20,2650.0,2025-08-18,Venta: Facturas 0000002005
9169,108,CINDY ALVARADO,,SANTA ROSA COPAN,,Honduras,,,69,1400.0,0.0,0.0,0.0,135,2,2025-08-20,1400.0,2025-08-18,Venta: Facturas 0000002006
9170,109,RICCY SARMIENTO,,CORQUIN COPAN,,Honduras,,,69,580.0,0.0,0.0,0.0,135,2,2025-08-20,580.0,2025-08-20,Venta: Facturas 0000002008
9171,110,DETALLES HEYMI,,SANTA ROSA COPAN,,Honduras,,,69,0.0,0.0,0.0,0.0,135,2,2025-08-20,0.0,1990-01-01,
9172,111,LILIS FLOWERS,,SANTA ROSA DE COPAN,,Honduras,,,69,11380.0,0.0,0.0,0.0,135,2,2025-08-20,9060.0,2025-12-23,
9173,112,LOURDES,,SAN AGUSTIN,,Honduras,,,69,2390.0,0.0,0.0,0.0,135,2,2025-08-20,2390.0,2025-08-18,Venta: Facturas 0000002010
9174,113,MONSERRATH,,,,Honduras,,,69,800.0,0.0,0.0,0.0,135,2,2025-08-20,800.0,2025-08-18,Venta: Facturas 0000002011
9175,114,LOURDES DPETALOS,,SANTA ROSA COPAN,,Honduras,,,69,1830.0,0.0,0.0,0.0,135,2,2025-08-20,1830.0,2025-08-18,Venta: Facturas 0000002012
9176,115,DETALLES DE AMOR,,SANTA ROSA DE COPAN,,Honduras,,,69,1560.0,0.0,0.0,0.0,135,2,2025-08-20,1560.0,2025-08-18,Venta: Facturas 0000002013
9177,116,FLORISTERIA BLOOM,,SANTA ROSA,,Honduras,,,69,280.0,0.0,0.0,0.0,135,2,2025-08-20,280.0,2025-08-18,Venta: Facturas 0000002014
9178,117,ADRIANA PAOLA,,SAN JOSE COPAN,,Honduras,,,69,730.0,0.0,0.0,0.0,135,2,2025-08-20,730.0,2025-08-18,Venta: Facturas 0000002015
9179,118,ADA CARCAMO,,SULACO YORO,,Honduras,,,69,1300.0,0.0,0.0,0.0,135,2,2025-08-20,1300.0,2025-08-20,Venta: Facturas 0000002016
9180,119,NANCY CRUZ,,DANLI PARAISO,,Honduras,,,69,1050.0,0.0,0.0,0.0,135,2,2025-08-20,1050.0,2025-08-19,Venta: Facturas 0000002017
9181,120,MARILU AGUILAR,,COPAN RUINAS,,Honduras,,,69,1200.0,0.0,0.0,0.0,135,2,2025-08-20,1200.0,2025-08-20,Venta: Facturas 0000002018
9182,121,BELLA FLOR CREACIONES,,TOCOA COLON,,Honduras,,,69,3500.0,0.0,0.0,0.0,135,2,2025-08-20,1160.0,2025-09-02,Venta: Facturas 0000002104
9183,122,ANA PACHECO,,"CORQUIN, COPAN",,Honduras,,,69,18960.0,0.0,0.0,0.0,135,2,2025-08-20,5950.0,2025-08-30,Venta: Facturas 0000002082
9184,123,ALQUIFIESTA NATY,,"SAN MARCOS, OCOTEPEQUE",,Honduras,,,69,29430.0,0.0,0.0,0.0,135,2,2025-08-20,8900.0,2025-09-05,Venta: Facturas 0000002120
9185,124,KENIA LOPEZ,,"EL NARANJITO, COPAN",,Honduras,,,69,2240.0,0.0,0.0,0.0,135,2,2025-08-22,1660.0,2025-08-30,Venta: Facturas 0000002083
9186,125,MARCELA CUEVAS,,"SPS, CORTES",,Honduras,,,69,1800.0,0.0,0.0,0.0,135,2,2025-08-22,1800.0,2025-08-22,Venta: Facturas 0000002027
9187,126,INVERSONES Y DISTRIBUCIONES C&C,05019014697908,"SPS, CORTES",,Honduras,,,69,13190.0,0.0,0.0,0.0,135,2,2025-08-22,13190.0,2025-08-22,Venta: Facturas 0000002028
9188,127,EVERYDAY COMPANY,1101-9021-252389,"ROATAN, ISLAS DE LA BAHIA",,Honduras,,,69,132526.0,0.0,0.0,0.0,135,2,2025-08-23,5957.0,2026-02-17,Venta: Facturas 0000002413
9189,128,ERICKA SANTOS,,"CUCUYAGUA, COPAN",,Honduras,,,69,27850.0,0.0,0.0,0.0,135,2,2025-08-23,6500.0,2026-01-10,Venta: Facturas 0000002314
9190,129,NOVEDADES SAN NICOLAS,,"SAN NICOLAS, SANTA BARBARA",,Honduras,,,69,700.0,0.0,0.0,0.0,135,2,2025-08-23,700.0,2025-08-23,Venta: Facturas 0000002032
9191,130,IMPRENTA ROSY,,"SABA, COLON",,Honduras,,,69,21350.0,0.0,0.0,0.0,135,2,2025-08-23,9350.0,2025-08-30,Venta: Facturas 0000002081
9192,131,FLORISTERIA MARTHA,,"TOCOA, COLON",,Honduras,,,69,1580.0,0.0,0.0,0.0,135,2,2025-08-23,1580.0,2025-08-23,Venta: Facturas 0000002035
9193,132,ESMERALDA MELGAR,,"TOCOA, COLON",,Honduras,,,69,2120.0,0.0,0.0,0.0,135,2,2025-08-23,2120.0,2025-08-23,Venta: Facturas 0000002036
10185,133,RITA ARGUETA,,"SIGUATEPEQUE, COMAYAGUA",,Honduras,,,69,2190.0,0.0,0.0,0.0,135,2,2025-08-25,2190.0,2025-08-25,Venta: Facturas 0000002037
10186,134,ISMARI NOLASCO,,"PUERTO CORTES, CORTES",,Honduras,,,69,2780.0,0.0,0.0,0.0,135,2,2025-08-25,1240.0,2025-09-05,Venta: Facturas 0000002121
10187,135,MUNICIPALIDAD DE SANTA BARBARA,1601-9999-439706,"SANTA BARBARA, SANTA BARBARA",,Honduras,,,69,0.0,0.0,0.0,0.0,135,2,2025-08-25,0.0,1990-01-01,
10188,136,VICTORIA HANDAL,,SPS,,Honduras,94508687,,69,0.0,0.0,0.0,0.0,135,2,2025-08-25,0.0,1990-01-01,
10189,137,CARMEN MAYORGA,,SAN PEDRO SULA,,Honduras,,,69,1190.0,0.0,0.0,0.0,135,2,2025-08-26,1190.0,2025-08-26,Venta: Facturas 0000002055
10190,138,ERIKA GUARDADO,,CATACAMAS OLANCHO,,Honduras,,,69,4590.0,0.0,0.0,0.0,135,2,2025-08-26,4590.0,2025-08-26,Venta: Facturas 0000002059
10191,139,ILONKA,,SAN PEDRO SULA,,Honduras,,,69,840.0,0.0,0.0,0.0,135,2,2025-08-27,840.0,2025-08-27,Venta: Facturas 0000002061
10192,140,ISMARI NOLASCO,,PUERTO CORTES,,Honduras,,,69,1700.0,0.0,0.0,0.0,135,2,2025-08-27,1700.0,2025-08-27,Venta: Facturas 0000002064
10193,141,DIZZAN ALFARO,,SANTA BARBARA,,Honduras,,,69,1460.0,0.0,0.0,0.0,135,2,2025-08-27,1460.0,2025-08-27,Venta: Facturas 0000002066
10194,142,ERIKA SOLIS,,SAN PEDRO COPAN,,Honduras,,,69,5640.0,0.0,0.0,0.0,135,2,2025-08-28,2470.0,2025-09-05,Venta: Facturas 0000002118
10195,143,MARIA CARDONA,,SABA COLON,,Honduras,,,69,8570.0,0.0,0.0,0.0,135,2,2025-08-28,1870.0,2025-09-03,Venta: Facturas 0000002111
10196,144,YADIRA RODRIGUEZ,,OMOA CORTES,,Honduras,,,69,1030.0,0.0,0.0,0.0,135,2,2025-08-29,1030.0,2025-08-29,Venta: Facturas 0000002075
10197,145,DENIA GARCIA,,GRACIAS LEMPIRA,,Honduras,,,69,2380.0,0.0,0.0,0.0,135,2,2025-08-29,2380.0,2025-08-29,Venta: Facturas 0000002076
10198,146,IVANA ALEMAN,,TOCOA,,Honduras,,,69,1280.0,0.0,0.0,0.0,135,2,2025-08-29,1280.0,2025-08-29,Venta: Facturas 0000002078
10199,147,MARITZA OSORIO,,LA ESPERANZA,,Honduras,,,69,1930.0,0.0,0.0,0.0,135,2,2025-08-29,1930.0,2025-08-29,Venta: Facturas 0000002079
10200,148,MAURICIO CHACON,,TRUJILLO COLON,,Honduras,,,69,1640.0,0.0,0.0,0.0,135,2,2025-08-30,1640.0,2025-08-30,Venta: Facturas 0000002084
10201,149,MANOS CREATIVAS,,LA ENTRADA,,Honduras,,,69,3970.0,0.0,0.0,0.0,135,2,2025-08-31,5660.0,2026-07-16,
10202,150,ALMA CASANA,,SANTA BARBARA,,Honduras,,,69,0.0,0.0,0.0,0.0,135,2,2025-09-01,0.0,1990-01-01,
10203,151,PERLA PEREZ,,ROATAN,,Honduras,,,69,41982.5,0.0,0.0,0.0,135,2,2025-09-02,12724.0,2026-01-30,Venta: Facturas 0000002375
10204,152,DANIELA ALVARADO,,DANLI EL PARAISO,,Honduras,,,69,1170.0,0.0,0.0,0.0,135,2,2025-09-03,1170.0,2025-09-03,Venta: Facturas 0000002114
10205,153,ANY MEJIA,,taulabe,,Honduras,99666699,,69,0.0,0.0,0.0,0.0,135,2,2025-09-04,0.0,1990-01-01,
10206,154,DREAM EVENT,,ROATAN,,Honduras,,,69,3230.0,0.0,0.0,0.0,135,2,2025-09-05,3230.0,2025-09-05,Venta: Facturas 0000002117
10207,155,LA OCCIDENTAL,04019008175338,SANTA ROSA DE COPAN,,Honduras,,,69,37080.0,0.0,0.0,0.0,135,2,2025-09-09,5680.0,2026-07-20,Venta: Facturas 0000002686
11207; 14226,156; 180,IGLESIA EVANGEICA MONTE DE SION,02089008187101,TOCOA,,Honduras,,,69,6150.0,0.0,0.0,0.0,135,2,2025-09-18,3120.0,2026-03-11,Venta: Facturas 0000002457
11208,157,LEYLI CARDONA,,,,Honduras,,,69,1200.0,0.0,0.0,0.0,135,2,2025-10-02,1200.0,2025-10-02,Venta: Facturas 0000002160
11209,158,CARLOS MAURICIO MORAN BORJAS,06111998007627,TEGUCIGALPA,,Honduras,,,69,5880.0,0.0,0.0,0.0,135,,2025-10-17,5880.0,2025-10-19,Venta: Facturas 0000002176
11210,159,MULTIPLANET,02091985010469,"1.calle N.O.,tocoa Honduras",Tocoa,Honduras,95841794,multiplanettocoa@yahoo.com,73,8130.0,0.0,0.0,0.0,135,2,2025-10-20,3290.0,2025-10-27,Venta: Facturas 0000002184
12210,160,ESPRESSO AMERICANO,08019995385798,SPS,,Honduras,94603454,,69,414.0,0.0,0.0,0.0,135,2,2025-10-28,414.0,2025-10-28,Venta: Facturas 0000002189
12211,161,"CODEPRO, S.A.",05019019105690,SAN PEDRO SULA,,Honduras,,,69,1150.0,0.0,0.0,0.0,135,2,2025-11-19,1150.0,2025-11-19,Venta: Facturas 0000002201
12212,162,FUNDACION NAPOLEON JUAN LARACH,05019013539158,SPS,,Honduras,,,69,3635.0,0.0,0.0,0.0,135,2,2025-11-24,1250.0,2026-08-13,Venta: Facturas 0000002727
12213,163,INVERSIONES MORALES ORELLANA,04011997011821,"BARRIO MERCEDES, CONTIGUO A CAFE LA TAZA","Sta Rosa, Copan",Honduras,,,69,72331.0,0.0,0.0,0.0,135,,2025-11-25,1460.0,2026-04-28,Venta: Facturas 0000002528
12214,164,DROMEINTER,08019000236401,SAN PEDRO SULA,,Honduras,,,69,1000.0,0.0,0.0,0.0,135,2,2025-12-02,1000.0,2025-12-02,Venta: Facturas 0000002231
12215,165,INVERSIONES MANOS CREATIVAS,04011999003418,SANTA ROSA DE COPAN,,Honduras,,,69,46710.5,0.0,0.0,0.0,135,2,2025-12-12,13083.5,2026-08-26,Venta: Facturas 0000003017
12216,166,FUNDATEVI,05119016844205,"VILLANUEVA, CORTES",,Honduras,,,69,5140.0,0.0,0.0,0.0,135,,2025-12-15,5140.0,2025-12-15,Venta: Facturas 0000002256
12218,168,TRANSTAINER DE HONDURAS,05019012449390,SPS,,Honduras,,,69,1100.0,0.0,0.0,0.0,135,2,2025-12-21,1100.0,2025-12-21,Venta: Facturas 0000002276
12219,169,KING OCEAN DE HONDURAS,05019010267801,SPS,,Honduras,,,69,1200.0,0.0,0.0,0.0,135,,2025-12-21,1200.0,2025-12-21,Venta: Facturas 0000002277
12220,170,FRANCO MEDINA,,,,Honduras,,,69,0.0,0.0,0.0,0.0,135,2,2026-01-07,0.0,1990-01-01,
12222,172,EDGARDO ANTONIO CASAÑA MEJIA,16011978007109,SANTA BARBARA,,Honduras,96276426,,69,4580.0,0.0,0.0,0.0,135,2,2026-01-12,4580.0,2026-01-12,Venta: Facturas 0000002316
12223,173,"FLORERIA BONSAY, S. DE R.L.",05019995169233,SPS,,Honduras,99743461,,69,600.0,0.0,0.0,0.0,135,2,2026-01-13,600.0,2026-01-13,Venta: Facturas 0000002322
12224,174,MUNICIPALIDAD DE MACUELIZO,16139011360075,,Macuelizo Stb,Honduras,,,69,11160.0,0.0,0.0,0.0,135,,2026-01-20,9950.0,2026-01-20,Venta: Facturas 0000002339
12225,175,DISTRIBUIDORA GERANIUM S. DE R.L,05019025274592,,,Honduras,,,69,3800.0,0.0,0.0,0.0,135,2,2026-01-23,1900.0,2026-01-24,Venta: Facturas 0000002361
13225,176,SOCIEDAD GRUPO RINNOVA S. DE R. L,05029025230433,SPS,,Honduras,,,69,860.0,0.0,0.0,0.0,135,,2026-01-24,860.0,2026-01-24,Venta: Facturas 0000002358
13226,177,DISOL,05019001049046,"SAN PEDRO SULA, CORTES",,Honduras,,,69,1435.2,0.0,0.0,0.0,135,,2026-01-24,1435.2,2026-01-24,Venta: Facturas 0000002359
13227,178,IGLESIA DE JESUCRISTO SUD,08019003248130,SPS,,Honduras,,,69,3148.5,0.0,0.0,0.0,135,2,2026-01-24,2288.5,2026-03-06,Venta: Facturas 0000002451
14225,179,ALCALDIA MUNICIPAL DE AZACUALPA,16049995443117,,Santa Barbara,Honduras,,,69,13091.5,0.0,0.0,0.0,135,2,2026-01-27,13091.5,2026-01-27,Venta: Facturas 0000002372
14227,181,EDGAR IRIAS MORENO,08011980100926,"ROATAN, ISLAS DE LA BAHIA",,Honduras,,,69,354867.5,0.0,0.0,0.0,135,2,2026-02-02,10419.0,2026-08-29,Venta: Facturas 0000003023
14228,182,FUNDACION CENTRO CULTURAL INFANTIL,05019017923446,sps,,Honduras,,,69,500.0,0.0,0.0,0.0,135,2,2026-02-08,500.0,2026-02-08,Venta: Facturas 0000002397
14229,183,JAP INNOVACIONES,16011986001670,SANTA BARBARA,,Honduras,,,69,37915.0,0.0,0.0,0.0,135,2,2026-02-18,37915.0,2026-02-18,Venta: Facturas 0000002417
14230,184,ROYAL MEDICAL CENTER S.A,05019023494742,SPS,,Honduras,31702982,,69,2080.0,0.0,0.0,0.0,135,2,2026-02-20,2080.0,2026-02-20,Venta: Facturas 0000002422
14231,185,INVERSIONES ESPECIALES PARA VOS,05011993137655,sps,,Honduras,31915544,,69,12310.0,0.0,0.0,0.0,135,2,2026-02-24,1360.0,2026-07-11,Venta: Facturas 0000002671
14232,186,ETAOO,04019999036716,,Santa Rosa Copan,Honduras,,,69,55821.0,0.0,0.0,0.0,135,,2026-02-24,4493.0,2026-07-24,Venta: Facturas 0000002693
14233,187,PAN AMERICAN LIFE,08019000235473,SAN PEDRO SULA,,Honduras,,,69,880.0,0.0,0.0,0.0,135,2,2026-02-25,880.0,2026-02-25,Venta: Facturas 0000002433
14234,188,SUPER FARMACIA SIMAN,05019999180979,SPS,,Honduras,,,69,1552.5,0.0,0.0,0.0,135,2,2026-02-27,1552.5,2026-02-27,Venta: Facturas 0000002438
14235; 15242,189; 198,MARJU S. DE R.L.,05019022392603,SPS,,Honduras,89886647,,69,8380.0,0.0,0.0,0.0,135,2,2026-03-06,5000.0,2026-06-18,Venta: Facturas 0000002621
14236,190,GILDAN HONDURAS HOSIERY FACTORY S DE R L,05019005459768,,,Honduras,,,69,1150.0,0.0,0.0,0.0,135,2,2026-03-12,1150.0,2026-03-12,Venta: Facturas 0000002458
14237,191,CREACIONES SERANY,02071995000440,TOCOA,,Honduras,95408566,,69,191285.0,0.0,0.0,0.0,135,2,2026-04-23,2910.0,2026-08-31,Venta: Facturas 0000003029
14238,192,THE FLOWER BOX,05019018984154,,,Honduras,,,69,16400.0,0.0,0.0,0.0,135,2,2026-05-12,1500.0,2026-07-31,Venta: Facturas 0000002707
14239,193,LABORATORIO FARSIMAN,05019000042501,,,Honduras,,,69,1150.0,0.0,0.0,0.0,135,2,2026-05-12,1150.0,2026-05-12,Venta: Facturas 0000002550
14241,195,504 FLOWER SHOP,08011977059120,SAN PEDRO SULA,,Honduras,,,69,24950.0,0.0,0.0,0.0,135,2,2026-05-28,2500.0,2026-08-25,Venta: Facturas 0000003013
14242,196,INVERSIONES LUNA VELA,05019022448757,,,Honduras,,,69,720.0,0.0,0.0,0.0,135,2,2026-05-29,720.0,2026-05-29,Venta: Facturas 0000002584
15241,197,DUNIA ISABEL MORENO RODRIGUEZ,18041985-024712,,,Honduras,,,69,4520.0,0.0,0.0,0.0,135,2,2026-06-06,250.0,2026-06-28,Venta: Facturas 0000002648
15243,199,INSTITUCION EDUCATIVA CATOLICA LA SALLE,05019995105373,SAN PEDRO SULA,San Pedro Sula,Honduras,,,69,700.0,0.0,0.0,0.0,135,2,2026-06-23,700.0,2026-06-23,Venta: Facturas 0000002638
15244,200,LOURDES GABRIELA MORALES MURILLO,05011981019503,SAN PEDRO SULA,,Honduras,,,69,1000.0,0.0,0.0,0.0,135,2,2026-07-01,1000.0,2026-07-01,Venta: Facturas 0000002654
15245,201,DUNIA ISABEL MORENO,18041985021712,,,Honduras,,,69,540.0,0.0,0.0,0.0,135,2,2026-07-05,540.0,2026-07-05,Venta: Facturas 0000002660
15246,202,JAVIER ORELLANA CHAVARRIA,05011973014637,BO. GUAMILITO 8 CALLE 9Y 10 AVE,,Honduras,,,69,9600.0,0.0,0.0,0.0,135,2,2026-07-16,6000.0,2026-07-18,Venta: Facturas 0000002683
15247,203,GALAPAGOS FLORES GALAFLOR S.A,,ECUADOR,,Honduras,,,69,121500.0,0.0,0.0,0.0,135,2,2026-08-03,121500.0,2026-08-03,Venta: Facturas 0000002713
16247,204,INVERSIONES GYG,05019014695964,sps,,Honduras,,,69,2100.0,0.0,0.0,0.0,135,2,2026-08-08,2100.0,2026-08-08,Venta: Facturas 0000002717
16248,205,INVERSIONES SIU Y ASOCIADOS S DE R.L DE C.V.,05019026308773,sps,,Honduras,,,69,3030.0,0.0,0.0,0.0,135,2,2026-08-08,1880.0,2026-08-15,Venta: Facturas 0000002731
16249,206,DISTRIBUIDORA RENACER,05011963026557,SAN PEDRO SULA,,Honduras,,,69,1700.0,0.0,0.0,0.0,135,2,2026-08-11,1700.0,2026-08-11,Venta: Facturas 0000002723
16250,207,MUNICIPALIDAD DE ESPARTA,01039995009598,atlantida,,Honduras,,,69,5350.0,0.0,0.0,0.0,135,2,2026-08-13,5350.0,2026-08-13,Venta: Facturas 0000002726
16251,208,INVERSIONES EMUNA S DE R.L,18049026346756,PROGRESO,,Honduras,95963534,,69,15330.0,0.0,0.0,0.0,135,2,2026-08-15,9490.0,2026-08-31,Venta: Facturas 0000003028
16252,209,INVERSIONES ROSE S DE RL,04099024107696,EL PARAISO COPAN,,Honduras,87501044,,69,12140.0,0.0,0.0,0.0,135,2,2026-08-20,3920.0,2026-08-31,Venta: Facturas 0000003027
16253,210,EL RINCO FLORAL S. DE. R.L,05019011394741,SPS,,Honduras,,,69,1930.0,0.0,0.0,0.0,135,2,2026-08-21,430.0,2026-08-25,Venta: Facturas 0000003007
16254,211,FLORISTERIA PETALOS,04011968001835,SANTA ROSA DE COPAN,Santa Rosa Copan,Honduras,95192589,,69,1330.0,0.0,0.0,0.0,135,2,2026-08-28,1330.0,2026-08-28,Venta: Facturas 0000003020
16255,212,INVERSIONES GENERALES R.S,05019026421363,sps,,Honduras,,,69,1460.0,0.0,0.0,0.0,135,2,2026-08-31,1460.0,2026-08-31,Venta: Facturas 0000003026
