"ID externo","Nombre mostrado","Correo electrónico","Teléfono"
"__export__.res_partner_324_68c836f3","ACCU-SCOPE","heston@unitronusa.com","631-864-1000"
"__export__.res_partner_510_5257a795","ADONAY MELARA ","",""
"__export__.res_partner_564_1e76dcfa","AISLESA","",""
"__export__.res_partner_565_295de1b6","AISLESA ","",""
"__export__.res_partner_517_c2c3319e","ALEXANDER BENITEZ ","",""
"__export__.res_partner_42_e250c595","ALMA","",""
"__export__.res_partner_361_04f4358d","ANA ELIZABETH RUBIO MEJIA","",""
"__export__.res_partner_99_fd602541","ANDREA ORELLANA","",""
"__export__.res_partner_340_4e4635a1","ARCA DE NOE","","99956911"
"__export__.res_partner_350_cf75ef4c","ARNOLD MONTES","Arnoldmontes@gmail.com",""
"__export__.res_partner_341_12cd143a","ASOCIACION HOSPITALARIA EVANGELICA","",""
"__export__.res_partner_18_9707b63f","ATENCIONES INFORMÁTICAS DE HONDURAS","","2594-1005"
"__export__.res_partner_103_e85f9244","ATENCIONES MEDICAS PIMIENTA","",""
"__export__.res_partner_218_f9dfca5a","AURA M. MORALES","aurora.morales@dole.com",""
"__export__.res_partner_445_dbb6ff47","Abogada Ligia Arriaga ","",""
"__export__.res_partner_482_adf3a21d","Abogada Tatiana Arriga ","",""
"base.user_admin_res_partner","Administrator","admin@eycsystems.com",""
"__export__.res_partner_326_6ae6c58f","Advanced Instrumentations","omantilla@advanced-inst.com",""
"__export__.res_partner_260_3c1c0b00","Aire Industrial Dé Honduras","",""
"__export__.res_partner_427_89967da1","Aire Industrial de Honduras","","3202-2357"
"__export__.res_partner_171_be17c15f","Aire Partes Remanufacturing S De RL","",""
"__export__.res_partner_82_3b6aa3ea","Alan Mauricio Portillo Morel","",""
"__export__.res_partner_504_72438a5e","Alexander Rueda","alexey812000@yahoo.com.mx",""
"__export__.res_partner_227_6792e74c","Ana Lizeth Gallegos","analizethgallegosruiz@yahoo.com","94715882"
"__export__.res_partner_268_4e2cc13e","Ashonplafa","kelvir@ashonplafa.com",""
"__export__.res_partner_575_8f081127","BELKIS LAWRENS ","",""
"__export__.res_partner_541_b84f57fd","BILLY BAUTISTA ","",""
"base.main_partner","BIOELECTRONICA S. DE R.L. DE C.V","bioelectronicaa_a@yahoo.com, ventas@bioelectronicahn.com","(+504) 2552-0491"
"__export__.res_partner_315_4b52d87a","BIOPTIMAL","j.zamora@bioptimalg.com",""
"__export__.res_partner_544_99206142","BRIAN NOEL CASTELLANOS DURON ","",""
"__export__.res_partner_11_12280d6a","Bioelectronica , Yensi Bautista","ventas@bioelectronicahn.com","89246108"
"__export__.res_partner_186_263137aa","Brayan David Martinez Aguilar","",""
"__export__.res_partner_543_787d0461","Bryan Noe Castellanos ","",""
"__export__.res_partner_256_f97935f4","CARE INVERSIONES","",""
"__export__.res_partner_244_55ebc55c","CARLOS DUARTE","",""
"__export__.res_partner_289_ce5e66f6","CARLOS GALLO","naturalnun@gmail.com","'+50234021141"
"__export__.res_partner_20_50a1ef6d","CARLOS MELENDEZ","carlosaguilar00370@gmail.com, c.aguilar@bioelectronicahn.com",""
"__export__.res_partner_302_8cefb6c2","CASCOO","sales@cascoo.com",""
"__export__.res_partner_549_825901ec","CDC","",""
"__export__.res_partner_262_6df8e6b1","CDI","",""
"__export__.res_partner_489_fdfd9572","CEMED ","",""
"__export__.res_partner_520_a166b630","CEMES ","",""
"__export__.res_partner_495_50f65e29","CENTRO DE FORMACION Y CAPACITACION DE RECURSOS HUMANOS EN SALUD DE HONDURAS S DE R.L.","",""
"__export__.res_partner_263_191a728f","CENTRO DERMATOLOGICO INTEGRAL","",""
"__export__.res_partner_124_f3320740","CENTRO MEDICO BARANDILLA","cmqbadandillas@gmail.com",""
"__export__.res_partner_107_6e067b2a","CENTRO MEDICO PENIEL","",""
"__export__.res_partner_534_92e553a8","CENTRO MEDICO SANTA MARTHA ","",""
"__export__.res_partner_392_3937b05f","CENTRO SAN MIGUEL","","72595156"
"__export__.res_partner_299_7569e51f","CHISON","natalia_li@chison.com.cn","0510-85310012"
"__export__.res_partner_507_2da9d1b7","CIIC S DE RL DE CV","",""
"__export__.res_partner_125_5e762d15","CIS DR GUSTAVO BOQUIN","","98168204"
"__export__.res_partner_525_ff521aa2","CIS San Manuel ","",""
"__export__.res_partner_486_cfd205be","CLINICA CEMED","","2661-2380"
"__export__.res_partner_566_6a9fbaec","CLINICA DE FISIOTERAPIA","",""
"__export__.res_partner_345_ec10c20e","CLINICA DE REHABILITACION","","99219055"
"__export__.res_partner_552_a22fb057","CLINICA DERMATOLOGICA DRA. VICTORIA CHINCHILLA ","",""
"__export__.res_partner_360_be3aa958","CLINICA LA AMISTAD","","9773-2100"
"__export__.res_partner_526_fe6bfff0","CLINICA LOS ANGELES ","",""
"__export__.res_partner_240_f9730f61","CLINICA MEDICA LA AMISTAD","",""
"__export__.res_partner_545_6fc616a9","CLINICA Y HOSPITAL PAZ BARAHONA ","",""
"__export__.res_partner_516_754d59dc","CLUB DE LEONES SPS FRATERNIDAD ","",""
"__export__.res_partner_230_f0ac6a72","CLÍNICA CRISTIANA","comprascmc82@gmail.com","31439317"
"__export__.res_partner_134_2a6530c5","CLÍNICA MEDICA MARY ANN","robertorellana25@gmail.com","99420286"
"__export__.res_partner_239_38afbf0f","COFFEE4KIDS HONDURAS","esterg2004@gmail.com",""
"__export__.res_partner_33_80ac5e6b","COMITE INTERNACIONAL CRUZ ROJA","cgomezcarias@icrc.org",""
"__export__.res_partner_411_cbddc60f","CRISTIAN GARCIA ","",""
"__export__.res_partner_275_3d4b73fc","CRISTIAN MELENDEZ","",""
"__export__.res_partner_104_1a8e4ae3","CRISTIAN MORENO","","3309-4387"
"__export__.res_partner_94_82ec0cc9","Carlos Artica","carlos_artica@hotmail.com",""
"__export__.res_partner_123_030c7c0d","Carlos Cerrato","ccerrato62@hotmail.com",""
"__export__.res_partner_138_bc6a3e71","Carlos Martinez","suazo09@hotmail.com",""
"__export__.res_partner_158_33263f89","Carmen Yolanda Silva","",""
"__export__.res_partner_434_ec80f770","Carolina Euceda ","",""
"__export__.res_partner_420_48b095d7","Catalina Hernandez ","",""
"__export__.res_partner_245_85775551","Cementos del Norte S.A.","",""
"__export__.res_partner_181_541f3908","Central de Mangueras S.A.","",""
"__export__.res_partner_152_760be685","Centro Endoscopico Quirúrgico","",""
"__export__.res_partner_254_d7f648b0","Centro Medico Ochoa","",""
"__export__.res_partner_463_27452e0e","Centro Medico Quimistan","",""
"__export__.res_partner_431_b46bdd91","Centro Medico Torre Fuerte","",""
"__export__.res_partner_116_5320530a","Centro Medico del Valle","yubinyochoa@yahoo.com",""
"__export__.res_partner_479_eecb4d58","Centro Médico de Especialidades Quirúrgicas","",""
"__export__.res_partner_153_f30cba45","Centro de Diagnostico Clínico","",""
"__export__.res_partner_524_f33a4532","Centro de salud de San Manuel ","",""
"__export__.res_partner_196_5c462ebc","Centro de triaje de San Pedro Zacapa","","98104888"
"__export__.res_partner_478_b42aa1bd","Centros Médico de Especialidades Quirúrgicas","",""
"__export__.res_partner_382_2bcdadf5","Cervecería Hondureña","guillermo.lainez@ab-inbev.com","2545-1111 "
"__export__.res_partner_137_dea6a563","Cesar Bustillo","",""
"__export__.res_partner_17_67daacaa","Cliente FInal","comprascmc82@gmail.com",""
"__export__.res_partner_173_4e6b7294","Clima","",""
"__export__.res_partner_288_4ec05cf5","Clinica Bendaña","mdubon@clinicabendana.com",""
"__export__.res_partner_30_d0032207","Clinica Bendaña S.A de C.V","","2516-2900"
"__export__.res_partner_65_869d5293","Clinica Medica Cristiana el progreso","olgajohan@hotmail,com",""
"__export__.res_partner_437_78faef3f","Clinica Medica Mejia","",""
"__export__.res_partner_527_43b20186","Clinica los agenles ","",""
"__export__.res_partner_453_997d6bc1","Clinicas Medicas la Libertad","","9961-8838"
"__export__.res_partner_169_734fa94f","Clinimagen S De RL","",""
"__export__.res_partner_416_960f25de","Clínica Médica Mejía","",""
"__export__.res_partner_276_160ccdb6","Clínica San Martín","","27634173"
"__export__.res_partner_511_ad1c3b1e","Clínica vida natura","","2550-7548"
"__export__.res_partner_451_1524a26c","Clínicas Odontológicas de la UNICAH SPS","hospitalodontoligicosps@unicah.edu"," 2234-6440"
"__export__.res_partner_197_c3bfa981","Coacehl","",""
"__export__.res_partner_73_ef4645bd","Comite de Salud de San Buenaventura","","99907487"
"__export__.res_partner_459_2861c8d0","Corporación T","",""
"__export__.res_partner_189_d66df83a","Corporación URSUS","",""
"__export__.res_partner_188_8eaa2518","Cristhian Alexander Mejia","95871261",""
"__export__.res_partner_449_a4f82c09","Cristhian Cruz ","",""
"__export__.res_partner_450_36933753","Cristian Cruz","",""
"__export__.res_partner_46_729d040f","DAVID CASTILLO","doc.agrocampo@gmail.com ",""
"__export__.res_partner_106_4720fa9e","DAVID PASCUA DE MDP","",""
"__export__.res_partner_413_9c646049","DEMEDICA","",""
"__export__.res_partner_178_1555caa0","DIA S.A","",""
"__export__.res_partner_390_fb785918","DIAGNOSTIC LIFE","","'+506 70354863"
"__export__.res_partner_266_495439fb","DIAGNOSTICOS CLINICOS DE HONDURAS","",""
"__export__.res_partner_562_32c78140","DIAGNOSTICOS MEDICOS RADIOLOGICOS ","",""
"__export__.res_partner_386_8ed921c0","DIAMERAD","ninoska_8a@hotmail.com",""
"__export__.res_partner_404_aec546ce","DIMAS LOPEZ","","3198-6545"
"__export__.res_partner_60_3c6c0ada","DINA GUILLEN","",""
"__export__.res_partner_469_52a166d0","DISS HONDURAS","",""
"__export__.res_partner_81_ee578404","DISTRIBUCIONES NUÑEZ","",""
"__export__.res_partner_210_e857209a","DIÁLISIS DE HONDURAS","","2550-5053"
"__export__.res_partner_274_f7e86e27","DOLARES","",""
"__export__.res_partner_425_9156c78d","DONAL","",""
"__export__.res_partner_35_e1282a5c","DORIS RODRIGUEZ","",""
"__export__.res_partner_83_5f939251","DPHONE S DE RL DE CV","",""
"__export__.res_partner_293_dbae0a47","DR. ABEL PONCE","",""
"__export__.res_partner_351_8ce10e5d","DR. ANGEL MARIA RODRIGUEZ","",""
"__export__.res_partner_362_42c3c49f","DR. BRYAN SALVADOR ACOSTA BAUTISTA","",""
"__export__.res_partner_529_c5da8ae8","DR. DAVID RAMOS ","",""
"__export__.res_partner_278_e049cdbe","DR. GILBERTO REYES","",""
"__export__.res_partner_352_412c561b","DR. HECTOR TORRES","",""
"__export__.res_partner_363_65b94457","DR. JAIME AGUILAR","","99788976"
"__export__.res_partner_133_a9175c82","DR. LISANDRO AQUINO","","97308052"
"__export__.res_partner_484_0be71091","DR. LUIS FONSECA ","",""
"__export__.res_partner_580_d5a0e474","DR. SELAMAN ","",""
"__export__.res_partner_579_ef024589","DR. SELMAN ","",""
"__export__.res_partner_357_4bd34fe7","DR. WILMER MADRID","",""
"__export__.res_partner_581_885c71f5","DR.SELMAN","",""
"__export__.res_partner_359_30e25975","DRA. ESSI UMANZOR","",""
"__export__.res_partner_492_98aefda9","DRA. GABRIELA NOEMI PEÑA ","",""
"__export__.res_partner_246_0decb0bf","DRA. JESSICA ZELAYA","dra.jzelaya@gmail.com",""
"__export__.res_partner_488_3e30caa7","DRA. KENIA ORDOÑEZ ","",""
"__export__.res_partner_555_69d83246","DRA. VICTORIA ALEJANDRA CHICHILLA HENANDEZ  ","",""
"__export__.res_partner_574_f749a5af","DROFARMA","",""
"__export__.res_partner_96_5673f00a","DROGUERIA BENPHARMA S DE RL DE CV","",""
"__export__.res_partner_270_a038c8af","DROGUERIA DIPHARMA","",""
"__export__.res_partner_234_32cb5ea0","DROGUERÍA MEDIMAS","","94670722"
"__export__.res_partner_194_a7f8e0cb","Dario","",""
"__export__.res_partner_426_c827ffba","David Artiles","",""
"__export__.res_partner_19_8ffc89e1","Dazucena Martinez","dazucena4@gmail.com",""
"__export__.res_partner_220_d8f621d6","Denis Dubon","","96225650"
"__export__.res_partner_72_e45f9a52","Denis Villalta","",""
"__export__.res_partner_149_098f32aa","Desarrollo y Soluciones","",""
"__export__.res_partner_561_847d130b","Diagnósticos Médicos Radiologicos","",""
"__export__.res_partner_560_288ea53d","Diagnósticos médicos radiologicos","",""
"__export__.res_partner_95_6bdc9efc","Diana Paredes","",""
"__export__.res_partner_215_9cf5440d","Dimeco","","25523683"
"__export__.res_partner_67_dadbbfbf","Dimehos","",""
"__export__.res_partner_182_e8eb7606","Dimex Medica S.A","","2280-4444"
"__export__.res_partner_414_7de30810","Doctor Luis Tirso Boquin ","",""
"__export__.res_partner_269_edfd0859","Dr Jamblet Amaya","",""
"__export__.res_partner_402_0bf8d2ef","Dr. Alex Zepeda","",""
"__export__.res_partner_454_b34a88de","Dr. Angel Rodriguez ","",""
"__export__.res_partner_455_b8849f15","Dr. Carolina Rivas ","",""
"__export__.res_partner_475_4435c9cf","Dr. Fernando Segura ","",""
"__export__.res_partner_464_610d3e05","Dr. Gerson Tobar ","",""
"__export__.res_partner_364_2fc3a93e","Dr. Gustavo Ochoa","",""
"__export__.res_partner_328_b03fa3d6","Dr. Gutierrez","",""
"__export__.res_partner_497_03d732c7","Dr. Jose Diaz ","",""
"__export__.res_partner_366_c8b98c8a","Dr. Mauricio Ictech","",""
"__export__.res_partner_498_4b346670","Dr. Mauricio Perez","",""
"__export__.res_partner_399_5e09100f","Dr. Miguel Angel Dubon Aguiluz","","94524535"
"__export__.res_partner_530_36b263ff","Dr. Norman Martinez","",""
"__export__.res_partner_494_cd803476","Dr. Rafel Reyes ","",""
"__export__.res_partner_465_4bd6fc4f","Dr. Ramon Trochez ","",""
"__export__.res_partner_422_2057d64f","Dr. Ronal","",""
"__export__.res_partner_466_63764d89","Dr.Ramon Trochez ","",""
"__export__.res_partner_472_8f1c343b","Dr.William  Eddy Castro Majano","",""
"__export__.res_partner_253_320f7f02","Dra. Alida Murillo","",""
"__export__.res_partner_456_cbdc8eba","Dra. Carolina Rivas ","",""
"__export__.res_partner_277_4bbd4747","Dra. Chiang","",""
"__export__.res_partner_252_72a0f128","Dra. Irsy Pineda","",""
"__export__.res_partner_247_e12305e0","Dra. Napky","",""
"__export__.res_partner_496_76c00f0e","Dra. Napky ","",""
"__export__.res_partner_458_9e6ddfb1","Dra. Nidia Lopez ","",""
"__export__.res_partner_321_79801dd3","EASYSEAL","pufeng@easyseaal.net",""
"__export__.res_partner_572_d9b97582","EDWIN ALFONSO OSORIO BANEGAS ","",""
"__export__.res_partner_336_7e72ccd2","ELEC-FIELD FUTURE","paul1164@elec-fieldfuture.co.kr","031-5182-8245"
"__export__.res_partner_518_09bcf37b","ELECTROMED S DE RL DE CV","",""
"__export__.res_partner_41_41868173","ELIEZER OLIVA","eoliva@unicef.org",""
"__export__.res_partner_292_817fe811","EMPAQUES S. DE R.L.","",""
"__export__.res_partner_309_1198417a","EPSIMED","luis.c@epsimed.com","1.786.238.5965"
"__export__.res_partner_514_3bbc8964","EQUIMEDIC INGENIERIA S DE R.L","",""
"__export__.res_partner_40_e768c8e7","ERICK MOLINA","",""
"__export__.res_partner_586_8217c0a1","ESTELA MUÑOZ ","",""
"__export__.res_partner_84_8c8bff43","EVELIN CASTRO","",""
"__export__.res_partner_69_2428a9e8","Ebert Yair Izaguirre Salgado","",""
"__export__.res_partner_172_14385a5b","Eco Distribuidora S De RL De C.V.","",""
"__export__.res_partner_192_c6437d2e","Ecoener","",""
"__export__.res_partner_337_cf40b90a","Ecotron","antonio@ecotron.co.kr","'+82-2-2025-3760"
"__export__.res_partner_16_273ec0cb","Edilberto Lopez Escobar","elopez@bioelectronica.com",""
"__export__.res_partner_91_ae3394cd","Elias Menendez","",""
"__export__.res_partner_373_2bdd2895","Embotelladora de sula S.A.","",""
"__export__.res_partner_70_69333b2d","Emma Baide","",""
"__export__.res_partner_148_0904be4b","Equimed","",""
"__export__.res_partner_193_07f58e3e","Ester Gisela PErez","ep6329553@gmail.com","88601574"
"__export__.res_partner_318_38ec94e6","FIAB SpA","luca.anfuso@fiab.it","'+39 348 2320696"
"__export__.res_partner_353_a3fdf3c7","FRANKLIN RODRIGREZ","",""
"__export__.res_partner_306_fb485cb6","FRICHEER","vicky@fricheer.com","'+8675786603015"
"__export__.res_partner_312_6ffd6cdd","FUMO","sylviachou@hcfumo.com",""
"__export__.res_partner_349_d695f4b9","FUNDACION RUTH PAZ","",""
"__export__.res_partner_261_731c772f","FUNDACIÓN FILARMONICA","",""
"__export__.res_partner_481_41a32e54","Fernanda Sauceda","",""
"__export__.res_partner_191_5651c018","Fernando Valerio","",""
"__export__.res_partner_140_c80a5bdf","Fundambiente","",""
"__export__.res_partner_228_68c99f85","GELIA MARISOL GOMEZ","","97567100"
"__export__.res_partner_316_c9374105","GLOBALTEC","thais@globaltechc.com.br",""
"__export__.res_partner_55_a64dc8cb","Gabriela Suazo","",""
"__export__.res_partner_212_d0f9dda9","Gaviota Oyuela","",""
"__export__.res_partner_493_0c505e44","Gerardo Velasquez Diaz","",""
"__export__.res_partner_165_3780b91c","Gildan Honduras Trading S De RL","",""
"__export__.res_partner_151_80d88e2c","Ginelly Danae Diaz Quiroz","",""
"__export__.res_partner_63_44f3260d","Gregorio Barahona Lemus","","97580784"
"__export__.res_partner_144_bda7ca6e","Grupo Coltel","",""
"__export__.res_partner_379_66b3824b","Grupo Elcatex Honduras","comunicaciones.grupoelcatex@elcatex.com","26177700"
"__export__.res_partner_536_b638fb71","Grupo SISAH. HN","gruposisah.hn@gmail.com","97023565"
"__export__.res_partner_216_24e17c1d","Guadalupe Cardenas Moreales","guadalupecardenasmoreales@gmail.com",""
"__export__.res_partner_175_81fa219f","Gustavo Alfredo Bueso Madrid","",""
"__export__.res_partner_80_c3fe0b58","Gustavo Reyes","",""
"__export__.res_partner_448_6617443a","HERRAMIENTAS LA ATLANTICA S DE RL DE CV","ventas@laatlanticahn.com","9475-3028 "
"__export__.res_partner_294_1d13d4dc","HOSPITAL  BETESDA","hospitalbetesta@gmail.com",""
"__export__.res_partner_285_b2ea5f72","HOSPITAL BENDAÑA","mantenimiento@hcemesa.com",""
"__export__.res_partner_342_afb674d3","HOSPITAL CLINICA POPULAR","","95111692"
"__export__.res_partner_34_f941e027","HOSPITAL D'ANTONI","quezada@hvdantoni.com",""
"__export__.res_partner_446_2e5e9e74","HOSPITAL DE LA MUJER MONTE DE SION","",""
"__export__.res_partner_47_a6c00458","HOSPITAL DOCTOR SALVADOR PAREDES","",""
"__export__.res_partner_547_ab95f999","HOSPITAL EL PROGRESO","",""
"__export__.res_partner_537_34dab95f","HOSPITAL EL PROGRESO (ESTATAL)","",""
"__export__.res_partner_132_ee1ca7e7","HOSPITAL EVANGELICO","compras@hospitalevangelico.net",""
"__export__.res_partner_45_7c7ddcab","HOSPITAL LEONARDO VALENZUELA","",""
"__export__.res_partner_354_d06cc96e","HOSPITAL MARIO CATARINO RIVAS","",""
"__export__.res_partner_251_fc0bead2","HOSPITAL MEDICO QUIRURGICO POPULAR SOCIEDAD DE RESPONSABILIDAD LIMITADA DE CAPITAL VARIABLE","",""
"__export__.res_partner_401_01beb34e","HOSPITAL MILITAR REGIONAL SAN PEDRO SULA","",""
"__export__.res_partner_540_0476f053","HOSPITAL QUIRUGICO ASOCIADO SRL","",""
"__export__.res_partner_290_8179f91e","HOSPITAL QUIRURGICO INTEGRAL","","99302828"
"__export__.res_partner_587_02f1ebb6","HOSPITAL SALUTEM","",""
"__export__.res_partner_592_c26b0781","HOSPITAL SAN CARLOS","",""
"__export__.res_partner_553_55364065","HOSPITAL Y CLINICA MURILLO S.A.","",""
"__export__.res_partner_241_53d22039","HOSPITEC","",""
"__export__.res_partner_311_a7eb0f2c","HUBEI YJT TECHNOLOGY","sky@hnc.cn","'+86-13871232457"
"__export__.res_partner_330_b27699ba","HUIDERUI","victoria.tang@huiderui.com","86-159 7622 1903"
"__export__.res_partner_174_352be68d","Hogares Modernos Y Exclusivos de Honduras","",""
"__export__.res_partner_418_026d971d","Hondumedic","","33009022"
"__export__.res_partner_231_f4ce54ef","Hospital Cemesa","",""
"__export__.res_partner_284_031cd870","Hospital Del Valle","",""
"__export__.res_partner_211_a5792197","Hospital La Fe","",""
"__export__.res_partner_462_3c5b1701","Hospital Los Angeles","info@clinicalosangeles.hn",""
"__export__.res_partner_249_34c4342d","Hospital Puerto Lempira","hospital_hpl@yahoo.com",""
"__export__.res_partner_229_22e64df5","Hospital Santa Barbara Integrado","",""
"__export__.res_partner_471_02b7fd14","Hospital Santa Barbara Intergrado","",""
"__export__.res_partner_139_d6fec230","Hospitec","",""
"__export__.res_partner_85_851a640a","Hugo Enrique Barahona Sabillon","",""
"__export__.res_partner_585_a93ff364","IDEMEB","",""
"__export__.res_partner_584_2962e90a","IDEMED ","",""
"__export__.res_partner_410_fdf1eb72","IGLESIA MISION CRISTIANA ELIM HONDURAS","rafelpazelim@gmail.com","2552-1624"
"__export__.res_partner_325_770850a6","IKEDA","kylexu@imagetrec.org",""
"__export__.res_partner_583_57400e75","IMADENTH ","",""
"__export__.res_partner_512_6cffe5cc","IMAGENES","",""
"__export__.res_partner_161_b7016263","IMEPRO","",""
"__export__.res_partner_255_b2e4e2ce","IMEPRO SPS","",""
"__export__.res_partner_166_e41e31ec","IMLAB S DE RL DE C.V.","",""
"__export__.res_partner_436_54a26eee","INADI ( Instituto nacional del Diabético)","",""
"__export__.res_partner_214_afd99c60","INDIRA GONZALES","",""
"__export__.res_partner_407_8fc9d6e1","INEQ MEDICA","",""
"__export__.res_partner_97_28a49636","INFRA DE HONDURAS","jvasquez@infradehonduras.com.hn",""
"__export__.res_partner_259_4b7446a7","ING MARIO URQUIA","",""
"__export__.res_partner_26_ddde9058","ING. Manuel Tejada","manutejada@yahoo.es","'+504-2552-0491"
"__export__.res_partner_112_966ec63a","INSTITUTO HONDUREÑO DE SEGURIDAD SOCIAL (IHSS)","wilmerjossue@hotmail.com",""
"__export__.res_partner_257_8b8a826d","INSUMOS MEDICOS MAYOR","marioamaya61@gmail.com",""
"__export__.res_partner_258_e3301d11","INSUMOS MEDICOS MAYORR","",""
"__export__.res_partner_338_8a2fffe6","INTERCONTINENTAL PHARMA INC","diana@intercontinentalpharma.com","'+1 727 370 0223"
"__export__.res_partner_578_bb6ae7ad","INTERMEDICO S DE R.L. DE C.V ","",""
"__export__.res_partner_476_efef7340","INVERSIONES  PINEDA MARRIAGA SOCIEDAD DE RESPONSABILIDAD LIMITADA DE CAPITAL VARIABLE","",""
"__export__.res_partner_538_64caccc3","INVERSIONES ALMUN S DE R.L DE C.V.","",""
"__export__.res_partner_500_4c20f974","INVERSIONES Y SERVICIOS MEDICOS C & P S DE R.L","",""
"__export__.res_partner_480_1c2d27e5","INVERSIONES Y SERVICIOS MEDICOS DE CORTES S DE RL DE CV","",""
"__export__.res_partner_105_ec9352cb","INVERVERSIONES FRATELLO S.A DE CV","",""
"__export__.res_partner_569_ce75538a","IRIS AMANDA GODOY","",""
"__export__.res_partner_429_784e96cb","ISIS FIGUEROA ","",""
"__export__.res_partner_509_d6b5efc8","IVETH ALVARENGA ","",""
"__export__.res_partner_487_05f98aa9","Iglesia de Cristo Ebenezer Libertad","","2556-3700"
"__export__.res_partner_184_37de2b08","Industria hondureña de Mechas","",""
"__export__.res_partner_179_7dcb4b65","Inversiones El Pedregal S De R.L.","",""
"__export__.res_partner_164_962a43ac","Inversiones Medicas Monja","",""
"__export__.res_partner_576_5b589378","Inversiones Mundo Animal SA de CV","",""
"__export__.res_partner_421_a40165f3","Inversiones Médicas Aire Puro S.A","cnaairepuro@gmail.com","99538368"
"__export__.res_partner_344_6836b6d0","Inversiones Salcabamba","dennisjaviercuellar@gmail.com",""
"__export__.res_partner_523_749ae6a2","Inversiones Sher","",""
"__export__.res_partner_370_bb94c4bc","Inversiones monja ","",""
"__export__.res_partner_235_86b2ca02","Island Med Clinic S de R L","",""
"__export__.res_partner_115_0678bd22","Ismael Segura","","99673002"
"__export__.res_partner_442_ff914dcc","Issac ","",""
"__export__.res_partner_443_eb263882","Issac Paz","",""
"__export__.res_partner_474_5a78ef78","JAVIR MEZA ","",""
"__export__.res_partner_98_ab86b007","JESUS ALBERTO","",""
"__export__.res_partner_358_087ecfd3","JOHNY RUIZ","",""
"__export__.res_partner_570_ea58484b","JOSE  FRANCISCO LOPEZ ","",""
"__export__.res_partner_108_1d983e01","JOSE LUIS CANELAS CANO","",""
"__export__.res_partner_477_592dd012","JOSE ROBERTO MARESMA ","",""
"__export__.res_partner_113_32a6dc07","JUAN CARLOS FERNANDEZ","",""
"__export__.res_partner_522_3cf2161e","JUAN CARLOS MONTALVO","",""
"__export__.res_partner_114_eff84a2a","JUAN FERNANDO ALEMAN HERNANDEZ","JFAH1189@GMAIL.COM","31942704"
"__export__.res_partner_118_8db866e7","JUAN JO MOLINA","",""
"__export__.res_partner_563_ff80ed9b","JUAN JOSE AQUINO","",""
"__export__.res_partner_568_3d51824e","JUAN MORAN ","",""
"__export__.res_partner_272_4e2d6b0b","JULIO TOMAS MARTINES CALDERON","",""
"__export__.res_partner_86_86c6ddb8","Javier Alexis Hernandez","",""
"__export__.res_partner_76_56865c45","Jeniffer Marelys Osejo","","99057637"
"__export__.res_partner_573_37a7bd20","Jennifer García ","",""
"__export__.res_partner_508_e4981aca","Jenny Alejandra Ramirez ","",""
"__export__.res_partner_441_f1a98630","Jhony Romero ","",""
"__export__.res_partner_590_4eea2b8e","Johnny Roberto chinchilla Ramírez","",""
"__export__.res_partner_356_f57d68c5","Jorge Ucles","",""
"__export__.res_partner_444_fe635058","Jorge Zeron","",""
"__export__.res_partner_468_ab48150d","Jose Barrera ","",""
"__export__.res_partner_142_394ecec1","Jose Caballero","",""
"__export__.res_partner_71_4b3eff4b","Jose Handal","",""
"__export__.res_partner_519_603ac7ef","Jose Miguel del Cid ","",""
"__export__.res_partner_403_90309a55","Joseth Moreno","","98480181"
"__export__.res_partner_146_00bcff26","Josue Enmanuel Ordoñez Castillo","",""
"__export__.res_partner_135_a3bf6722","Josue Ruben Smith Morales ","smithruben449@gmail.com",""
"__export__.res_partner_141_61c4c948","Juana Miguel Bendeek","",""
"__export__.res_partner_209_efc2f584","Julio Gomez","",""
"__export__.res_partner_389_06abaee2","Julio Rodriguez","",""
"__export__.res_partner_577_101450b7","KATALINA EUSEDA ","",""
"__export__.res_partner_334_dc4c311c","KINGST","helen@ekingst.com","'+86-18801496621"
"__export__.res_partner_145_fad91a81","Kevin Andres Lemus Calix","",""
"__export__.res_partner_470_79e69b7c","Kevin Castro ","",""
"__export__.res_partner_44_4d74b031","LA LIMA MEDICAL CENTER","fgutierrez@llmc.hn","9522-1786"
"__export__.res_partner_550_1dbc14bb","LABORATONIO CDC","",""
"__export__.res_partner_551_5cd485c2","LABORATORIO CDC","",""
"__export__.res_partner_408_087631ab","LABORATORIO UDE","",""
"__export__.res_partner_39_cc78f39a","LEONARDO","","99655515"
"__export__.res_partner_304_026444a0","LESSA","export@lessa.es","'+34937299400"
"__export__.res_partner_109_35e0237a","LIDIA HENRIQUEZ GAMEZ","",""
"__export__.res_partner_217_80e08193","LIGA CONTRA EL CÁNCER","compras@ligacontraelcancer.hn",""
"__export__.res_partner_346_f94875aa","LILIAN E. CHIANG","","9921"
"__export__.res_partner_111_a5ba6add","LUIS FERNANDO SANTAMARIA","",""
"__export__.res_partner_183_94cac5e5","Laboratorio Clínico Bautista S De R.L.","",""
"__export__.res_partner_28_5fcd74bc","Leonidas Joaquin Bustillo Giron","ljbustillog@gmail.com",""
"__export__.res_partner_490_eab58e9a","Lester Fajardo ","",""
"__export__.res_partner_457_3e0f15c8","Liberto Hernandez ","",""
"__export__.res_partner_87_cb673b12","Luis Alonso Medina","",""
"__export__.res_partner_329_2bdf00d2","MANGINI-NICOS GROUP","mauro.cottafavi@nicosgroup.com","'+39 3441810157"
"__export__.res_partner_439_4b2489e0","MANUEL DE JESUS TEJADA CASTRO","",""
"__export__.res_partner_52_9581b8af","MARCIA VARELA","marcia.varela@ihss.hn",""
"__export__.res_partner_409_91f8aa6a","MARIA VICTORIA RAMOS ","",""
"__export__.res_partner_38_13611bd6","MARIELA ALVARENGA","marielalvarenga58@gmail.com",""
"__export__.res_partner_242_19ce101c","MARIELI","",""
"__export__.res_partner_571_17e162d1","MARTHA ISABEL BAUTISTA ESPINOZA ","",""
"__export__.res_partner_548_a34055a6","MATERNA HONDURAS ","",""
"__export__.res_partner_513_d1f01dc4","MATOS NAVARRO S DE RL ","",""
"__export__.res_partner_546_6a3a2f60","MAURICIO CABALLERO ","",""
"__export__.res_partner_77_58f15780","MECAMANT ","",""
"__export__.res_partner_213_8cd721e4","MEDICARD","",""
"__export__.res_partner_271_774ffe3c","MEDICENTER OCHOA","",""
"__export__.res_partner_491_676b8562","MEDIHILLS S DE R.L. DE C.V.","",""
"__export__.res_partner_27_c69fd587","MEDIRED","administracion@mediredhn.com",""
"__export__.res_partner_339_b14ade21","MEDISCAN SA DE CV","",""
"__export__.res_partner_190_ef38bbcc","MEDRESTORE","",""
"__export__.res_partner_110_495b72ca","MELIDA GALEAS OLIVA","",""
"__export__.res_partner_32_cc522783","MELISA VALENZUELA","",""
"__export__.res_partner_406_e28173aa","MI HOSPITALITO ZUNIGA S DE R.L.","",""
"__export__.res_partner_528_2bc2f322","MISION BAUTISTA TEAM HONDURAS","",""
"__export__.res_partner_387_bbd9124b","MISIONES EVANGELISTICAS DE LA FE EN HONDURAS","",""
"__export__.res_partner_219_810dc90a","MONSOL","",""
"__export__.res_partner_303_37dcbc28","MORAYSO ULTRASOUND PROBE","","'+8618914011670"
"__export__.res_partner_333_1b89fb15","MT MEDICAL","","'+86 18110975807"
"__export__.res_partner_267_80c49af8","MUNICIPALIDAD DE LA CEIBA ATLANTIDA","ccarranza5@yahoo.es",""
"__export__.res_partner_232_8578ad80","MUNICIPALIDAD DE SAN PEDRO SULA","erika.sing@sanpedrosula.hn",""
"__export__.res_partner_433_0b5cc37f","Mama de Carolina Del Cid ","",""
"__export__.res_partner_12_6d7f49b1","Manuel Tejada","gerencia@bioelectronicahn.com",""
"__export__.res_partner_150_79304ed3","Manuel de Jesus Caballero","",""
"__export__.res_partner_64_8d70e6d1","Maria Guadalupe","",""
"__export__.res_partner_54_ecb98ef4","Maria Isabel Garcia Ramires","",""
"__export__.res_partner_78_126b2f75","Mario Avendaño","",""
"__export__.res_partner_222_d624c76d","Marlon Flores","",""
"__export__.res_partner_502_e6d1bdc9","Marvin Flores ","",""
"__export__.res_partner_92_f46fdcfe","Mauricio Sagastume Pineda","",""
"__export__.res_partner_176_0ad8f7c1","Medilaser","",""
"__export__.res_partner_156_f337d2fc","Mega Distribuidora Avicola","",""
"__export__.res_partner_143_b7bc1fa1","Mercy House S. De RL","",""
"__export__.res_partner_208_e6569eac","Miguel Angel Jimenez","",""
"__export__.res_partner_66_72afac54","Miguel Antonio Márquez","",""
"__export__.res_partner_567_04d3bb5a","Miguel Eduardo Andrade ","",""
"__export__.res_partner_49_d23e4c82","Ministerio Nuestras Pequeñas Rosas","",""
"__export__.res_partner_423_9a7d04a8","Misael Lanza","",""
"__export__.res_partner_117_9b695c75","Moises Martinez","Docmoimares@gmail.com",""
"__export__.res_partner_539_e853f4fa","Moises Romero ","",""
"__export__.res_partner_170_f5c26c02","Molineros Comercial","",""
"__export__.res_partner_430_fd648d84","Montelimar Cristhian Médical Center","",""
"__export__.res_partner_61_c9e2e306","Municipalidad De Nuevo Celilac","Municelilac@hotmail.com",""
"__export__.res_partner_460_92da98bf","NEOPLASTICS","",""
"__export__.res_partner_185_7d6c13bc","NEWTER","",""
"__export__.res_partner_557_9fb6a4ba","NIGUEL SALES SER","",""
"__export__.res_partner_307_f3757648","NINGBO DAVID MEDICAL DEVICE CO.,LTD","Esperanza.wang@nbdavid.com","0086-13567870282"
"__export__.res_partner_225_6f4725d0","Nelson Contreras Arias","",""
"__export__.res_partner_223_29f43de3","Nelson Guillen","",""
"__export__.res_partner_310_138001bb","Nidek Medical Products","jkraw@nidekmedical.com","'+1(800)822-9255"
"__export__.res_partner_43_ff784057","Nidia Maribel Montoya","sara@ceramicas.hn",""
"__export__.res_partner_25_5c750a02","Nisi Tejada M.","alejandra25tejada@gmail.com",""
"__export__.res_partner_556_d2f6e1d9","OFTALMOCENTRO","","32397324"
"__export__.res_partner_506_5e813cbe","OMAR NAZRALA MANZUR ","",""
"__export__.res_partner_505_f5786bf8","OMAR NAZRALLA","",""
"__export__.res_partner_428_d1b4d492","ORFI ARITA ","",""
"__export__.res_partner_317_8a2622c6","OXYGEN HEALTH SYSTEMS","Shah.Haq@OxygenHealthSystems.com","(331)229-7714"
"__export__.res_partner_503_16cfafb4","Optica & laboratorio Sula S.A de C.V","",""
"__export__.res_partner_159_05d8e313","Oscar Francisco Gomez","",""
"__export__.res_partner_31_30089df6","POSAS BOMBEROS","posasbomberos@yahoo.com",""
"__export__.res_partner_305_2c454909","PROCESS SENSING TECHNOLOGIES","Brandy.Malinowski@processsensing.com","909-392-6900"
"__export__.res_partner_162_fde016ad","Pharmed Sales","","25526187"
"__export__.res_partner_327_2b4ce24e","Precision Medical","pferry@precisionmedical.com","610-509-7997"
"__export__.res_partner_582_d582db7d","Proenergy s de R.L  de C.V ","",""
"__export__.res_partner_264_b38ffffd","QUALITY SERVICE","",""
"__export__.res_partner_265_edaaea36","QUIRÚRGICA INTEGRAL","",""
"__export__.res_partner_224_382f2a96","RAFAEL IZAGUIRRE","","93478190"
"__export__.res_partner_226_b4849fa5","RAUL RAPALO","","99613864"
"__export__.res_partner_322_8db174a5","RAYFINE SPECIALTY LIGHTING","Julia.wang@rayfine.cn","'+86 755 2908 6158"
"__export__.res_partner_438_ee803781","REFRITEC INDUSTRIAL","",""
"__export__.res_partner_558_5c9a2614","REGION VALLE ","",""
"__export__.res_partner_483_f6159dc4","RENER S DE RL",""," 98947203"
"__export__.res_partner_122_a6fbcdf6","RIGOBERTO LOPEZ CERRATO","rlopezcerrato@gmail.com",""
"__export__.res_partner_120_90478470","ROBERTO LOPEZ CERRATO","rlopezcerrato@gmail.com",""
"__export__.res_partner_348_eabc65fa","ROGER ZELAYA","",""
"__export__.res_partner_308_35464a08","ROKER","","'+51(1) 7190707"
"__export__.res_partner_88_9d4dc573","Rafael Vasques","",""
"__export__.res_partner_22_363f140e","Raul Edgardo Sierra Barrientos","raulsierra48@gmail.com","98558356"
"__export__.res_partner_75_b8780d6f","Reyvi Samuel Arias","",""
"__export__.res_partner_435_2db11316","Roberto Trimarchi ","",""
"__export__.res_partner_101_7069a98a","S.S.O.A","","96697187"
"__export__.res_partner_79_015a2198","SALAK S DE RL DE CV","",""
"__export__.res_partner_93_c6c52f8e","SAVITEX","",""
"__export__.res_partner_515_b8dab047","SEIJIRO YAZAWA IWAI","",""
"__export__.res_partner_461_4181b11f","SEMEHSUR","","27803313"
"__export__.res_partner_287_1610e942","SERVICIOS BIOMEDICOS","",""
"__export__.res_partner_521_6378b991","SERVIMETP","",""
"__export__.res_partner_554_cb1c0939","SETI","",""
"__export__.res_partner_102_c68141b6","SHARON CRISTINA LOPEZ","",""
"__export__.res_partner_15_c9a11a0d","SHENY ANG AERTI TECH CO.","","86 24 25335433"
"__export__.res_partner_313_0af74b74","SKONSIN HEALTH","htlu@skshealth.com","'+8618668881138"
"__export__.res_partner_320_aea5eb77","SONOSTAR","taylor@sonostar.cn",""
"__export__.res_partner_48_923e71ff","SUPERMERCADO JUNIOR","recursossmj@gmail.com",""
"__export__.res_partner_419_a09fa7df","SUSAN ARGUIJO","",""
"__export__.res_partner_452_6b2e9923","Samuel Antonio Aguilar Zeron","cinthyagonzalez69@gmail.com",""
"__export__.res_partner_221_205c2d76","Samuel Grupo Roel","",""
"__export__.res_partner_29_1662b920","Sandra Guerra","sandranguerra@gmail.com",""
"__export__.res_partner_53_189505a0","Sara Suyapa Lopez Calix","",""
"__export__.res_partner_432_06e0ed6e","Sayda Jackeline Mendoza ","",""
"__export__.res_partner_187_81e213f4","Servicio Medico Leisan","",""
"__export__.res_partner_154_270b61eb","Servicios Medicos FM de RL","",""
"__export__.res_partner_136_bc63cbe8","Servicios de Enfermería y Técnicos Calderón","",""
"__export__.res_partner_301_b3870619","Shenzhen Browiner Tech Co.,","jenny@brownier.com","'+8613425978208"
"__export__.res_partner_501_17b24c87","Silvio Coello ","",""
"__export__.res_partner_160_0a2a7923","Skarleth Osiris Interiano Villeda","",""
"__export__.res_partner_167_decce33b","Sociedad Educacional Internacional Sampedrana","",""
"__export__.res_partner_168_69a899ba","Suplemedic","",""
"__export__.res_partner_100_35732210","TECMED SUMINISTROS S DE RL","",""
"__export__.res_partner_314_7adfd68b","TRI-TECH MEDICAL, INC.","bernardoandrade@tri-techmedical.com","'+1 305-833-8600"
"__export__.res_partner_243_ad50f825","Tatiana Arriaga","",""
"__export__.res_partner_207_2a48577a","Tecnoquimica","",""
"__export__.res_partner_440_d961b98c","The Rose company ","",""
"__export__.res_partner_591_402f71a9","UNIDAD DE CIRUGIA AMBULATORIA UCA ","",""
"__export__.res_partner_279_f0f03215","UNIDAD DE DIAGNOSTICO ESPECIALIZADO U.D.E","",""
"__export__.res_partner_62_b047178e","UNIDOS POR MONTERREY","",""
"__export__.res_partner_233_6eabd71e","UNIMED","jrodriguez@unimedhn.con","96000071"
"__export__.res_partner_412_eb6a9a16","Universidad catolica de Hondura","",""
"__export__.res_partner_415_8359d93a","Universidad catolica de Honduras","",""
"__export__.res_partner_531_019ec27c","Uriel","",""
"__export__.res_partner_369_caecb0e9","Utilidades Medicas S.A.","","(502) 7873-7575"
"__export__.res_partner_163_5013fb07","Utilidades Medicas SA","",""
"__export__.res_partner_323_7ea919f5","VALCO MEDICAL INC","Ryan@valcomed.com","480-617-4470"
"__export__.res_partner_273_e492837a","VALOR DOLARES","",""
"__export__.res_partner_335_30b62530","VIATOM","catherine.gan@viatomtech.com","'+86 182 7717 8708"
"__export__.res_partner_347_136e3cb3","VICTOR HUGO","","99826201"
"__export__.res_partner_319_0d500d48","VINNO","vrvolledo@hotmail.com",""
"__export__.res_partner_588_ce1e52c2","Valley Medical Solutions ","",""
"__export__.res_partner_238_2a2824f4","Velia Nuñez","velinu@gmail.com",""
"__export__.res_partner_23_0143df7c","Veterinaria Herturo","",""
"__export__.res_partner_424_400be907","Victoria Alejandra Chinchilla Hernandez ","",""
"__export__.res_partner_147_628c8c6b","Vidalia Ramos Martinez","",""
"__export__.res_partner_68_20d02523","Virginia Mejia Aguilar ","",""
"__export__.res_partner_532_33df6aa2","WHALTER NASSER","",""
"__export__.res_partner_355_82cb21d5","WORLD SURGICAL FOUNDATION","","96197296"
"__export__.res_partner_332_044aed1a","YADU MEDICAL","carol.li@yadugroup.com","(+86) 187 1042 3189"
"__export__.res_partner_331_48cd3fc6","YADU Medical_official","sean.yu@yadugroup.com","(+86) 182 3737 2715"
"__export__.res_partner_177_f48297d2","Yami Yaquelin","",""
"__export__.res_partner_291_bfbb4e1e","Yamileth Mejia","",""
"__export__.res_partner_157_d9118191","Yanick Beauregard","",""
"__export__.res_partner_405_268ca94e","Yunior Ordoñez","",""
"__export__.res_partner_180_35455d15","Zamorano AgroInd SA De CV","",""
"__export__.res_partner_89_e68deaa7","anular factura blanco","",""
"__export__.res_partner_417_163432a5","clinica medica mejia","",""
"__export__.res_partner_74_578b741a","clínicas médicas","cmo.clinicas@gmail.com",""
"__export__.res_partner_286_2488b699","gerencia@bioelectronicahn.com","gerencia@bioelectronicahn.com",""
"__export__.res_partner_467_2d092c64","hop","",""
"__export__.res_partner_535_2ee5dc4e","inversiones biotec-med","",""
"__export__.res_partner_248_b77180d6","jennyfer Larissa Tabora Reyes","",""
"__export__.res_partner_343_75f52783","julano","",""
"__export__.res_partner_36_35be0ded","kristelia Amador","kristeliaamador@gmail.com",""
"__export__.res_partner_21_0929c6fe","susy0565","susy0565@yahoo.com.mx",""
"__export__.res_partner_195_65672c79","usuario","carlosaguilar00370@gmail.com",""
